handleId,fieldType,name,description,productImageUrl,collection,sku,ribbon,price,surcharge,visible,discountMode,discountValue,inventory,weight,cost,productOptionName1,productOptionType1,productOptionDescription1,productOptionName2,productOptionType2,productOptionDescription2,productOptionName3,productOptionType3,productOptionDescription3,productOptionName4,productOptionType4,productOptionDescription4,productOptionName5,productOptionType5,productOptionDescription5,productOptionName6,productOptionType6,productOptionDescription6,additionalInfoTitle1,additionalInfoDescription1,additionalInfoTitle2,additionalInfoDescription2,additionalInfoTitle3,additionalInfoDescription3,additionalInfoTitle4,additionalInfoDescription4,additionalInfoTitle5,additionalInfoDescription5,additionalInfoTitle6,additionalInfoDescription6,customTextField1,customTextCharLimit1,customTextMandatory1,customTextField2,customTextCharLimit2,customTextMandatory2,brand
product_e006d459-0f11-ac03-105e-85b1c50abe6b,Product,El Mordjene Roasted Hazelnut Cream (Creme de Noisettes Grilles),"<p>- Discover the delicious El Mordjene Roasted Hazelnut Cream (Creme de Noisettes Grilles). - It's GLUTEN FREE and PRESERVATIVE FREE. - Comes in a large 700g jar. - This special treat from Algeria is: - Rare and highly sought-after - BANNED IN the EU, making it unique. - DIRECT IMPORT AND DISTRIBUTION by La Vague Imports ensures it's genuine. - Perfect for lovers of rare, high-quality foods. - A great addition to your gourmet pantry. - Enjoy the rich, nutty flavor that only El Mordjene offers.</p><p>&nbsp;</p><p>WHOLESALE 6 in a case</p>",68c626_1a4ab5d5e6d54713a30326203defcf58~mv2.png,Algerian Products,,HOT ITEM,0.0,,true,PERCENT,0.0,InStock,,,,,,,,,,,,,,,,,,,,,,,,,,,,,,,,,,,,,,,
product_0ac25b8d-894d-d912-b5aa-b2d4ef974182,Product,El Mordjene Roasted Hazelnut Cream (Creme de Noisettes Grilles),"<p>- Discover the delicious El Mordjene Roasted Hazelnut Cream (Creme de Noisettes Grilles). - It's GLUTEN FREE and PRESERVATIVE FREE. - Comes in a large 700g jar. - This special treat from Algeria is: - Rare and highly sought-after - BANNED IN the EU, making it unique. - DIRECT IMPORT AND DISTRIBUTION by La Vague Imports ensures it's genuine. - Perfect for lovers of rare, high-quality foods. - A great addition to your gourmet pantry. - Enjoy the rich, nutty flavor that only El Mordjene offers.</p><p>&nbsp;</p><p>WHOLESALE 6 in a case</p>",68c626_1a4ab5d5e6d54713a30326203defcf58~mv2.png,Best Sellers,,Almost Gone,42.95,,true,PERCENT,0.0,InStock,1.5,,,,,,,,,,,,,,,,,,,,,,,,,,,,,,,,,,,,,,
HOEV2,Product,Extra Virgin Olive Oil El Ouazzania 2l,- Experience the rich taste of Extra Virgin Olive Oil El Ouazzania 2L   - Case size: 6 bottles of 2 liters each  - Available at La Vague Imports  - High-quality oil enhances your dishes  - Offers true flavors that demonstrate our commitment to quality- With La Vague Imports:  - Get top products  - Enjoy a simple online shopping experience  - Perfect for home and professional use  - Enjoy a healthier lifestyle with each drop- Our wholesale service offers the best value for your needs,acbaa7_8eb27fad8e514e23a93188a0c5ac4710~mv2.jpg,Best Sellers;Olive Oil El Ouazzania;Wholesale Orders;ECOM,HOEV2,Top Rated,59.95,,true,AMOUNT,5.0,InStock,4.0,,,,,,,,,,,,,,,,,,,,,,,,,,,,,,,,,,,,,,
HOV2,Product,Virgin Olive Oil El Ouazzania 2l,2l X 12,68c626_fbfbfd1d12b14d7bb51383f3a152268e~mv2.png;68c626_382df8046c764e45b0f57dcef984b7c0~mv2.png,Best Sellers;Olive Oil El Ouazzania;Wholesale Orders;ECOM,HOV2,Top Rated,54.95,,true,AMOUNT,5.0,InStock,,,,,,,,,,,,,,,,,,,,,,,,,,,,,,,,,,,,,,,
TVSB125G,Product,Green Tea Sultan Baroud 100 G,100g X 120,acbaa7_9195675cd77c4cfbb210761892f7a2ed~mv2.jpg,Teas;Wholesale Orders,TVSB125G,Top Rated,0.0,,true,PERCENT,0.0,InStock,,,,,,,,,,,,,,,,,,,,,,,,,,,,,,,,,,,,,,,
TVSB200G,Product,Green Tea Sultan Baroud 200 G,200g X 60,68c626_2ae52be2516e4619b12443ee6373c93e~mv2.jpg,Teas;Wholesale Orders,TVSB200G,Top Rated,0.0,,true,PERCENT,0.0,InStock,,,,,,,,,,,,,,,,,,,,,,,,,,,,,,,,,,,,,,,
ABACSF1,Product,Couscous Fine AMOR BEN AMOR,1Kg x 12,68c626_e8daec3d4d9747c9b1b91ebaa367798d~mv2.jpg,Algerian Products;Wholesale Orders,ABACSF1,,0.0,,true,PERCENT,0.0,InStock,,,,,,,,,,,,,,,,,,,,,,,,,,,,,,,,,,,,,,,
CM84,Product,COCO Noura Charcoal 84 Cube,1kg * 20,68c626_724887f473e84ad1aebc4755056a2f7a~mv2.png,COCO Noura Charcoal;Wholesale Orders,CM84,,0.0,,true,PERCENT,0.0,InStock,,,,,,,,,,,,,,,,,,,,,,,,,,,,,,,,,,,,,,,
CN96,Product,COCO Noura Charcoal 96 Shards,1kg * 20,68c626_35271b9600c14365b6bfb84c2e779848~mv2.png,COCO Noura Charcoal;Wholesale Orders,CN96,,0.0,,true,PERCENT,0.0,InStock,,,,,,,,,,,,,,,,,,,,,,,,,,,,,,,,,,,,,,,
BGS2L,Product,Selecto Drink,2l X 6,68c626_2b051f392488499e9d7609c18337c018~mv2.jpg,Drinks;Wholesale Orders,BGS2L,Top Rated,0.0,,true,PERCENT,0.0,InStock,,,,,,,,,,,,,,,,,,,,,,,,,,,,,,,,,,,,,,,
BGSO2L,Product,Slim Orange Drink,2l X 6,68c626_65a5cb27958f48fcb6a0926155ff91ff~mv2.png,Drinks;Wholesale Orders,BGSO2L,Top Rated,0.0,,true,PERCENT,0.0,InStock,,,,,,,,,,,,,,,,,,,,,,,,,,,,,,,,,,,,,,,
DLCSF1,Product,Couscous Fine Dalia 1kg,1kg X 12,acbaa7_854aac52a5ee4e7484417337394a52ac~mv2.jpg,Couscous & Pasta;Wholesale Orders,DLCSF1,Top Rated,0.0,,true,PERCENT,0.0,InStock,,,,,,,,,,,,,,,,,,,,,,,,,,,,,,,,,,,,,,,
FICC4,Product,Chocolate Caramel Cream Custard Ideal,4 Portions X 64,acbaa7_6bd024a222cd4b8c8da3a4741670b7d1~mv2.jpg,Custards (4 Portions);Wholesale Orders,FICC4,Top Rated,0.0,,true,PERCENT,0.0,InStock,,,,,,,,,,,,,,,,,,,,,,,,,,,,,,,,,,,,,,,
HOV1,Product,Virgin Olive Oil El Ouazzania 1l,1l X 15,acbaa7_a8d676b7ac0a45d3bd3ccc8c7d3d0aeb~mv2.jpg,Best Sellers;Olive Oil El Ouazzania;Wholesale Orders;ECOM,HOV1,Top Rated,34.95,,true,AMOUNT,5.0,InStock,,,,,,,,,,,,,,,,,,,,,,,,,,,,,,,,,,,,,,,
MC3P,Product,Maruja Chic Biscuit,3 Pack,68c626_e19fbca5d999479ba9ea58e53f79ef19~mv2.jpg,Biscuits & Sweets;Wholesale Orders,MC3P,Top Rated,0.0,,true,PERCENT,0.0,InStock,,,,,,,,,,,,,,,,,,,,,,,,,,,,,,,,,,,,,,,
PBISM5,Product,Pack Of 5 Biscuits Mirendina,(36g X 5) X 36,acbaa7_7fcf0c64497141b69d01015c16b8bc0e~mv2.jpg,Biscuits & Sweets;Wholesale Orders,PBISM5,Top Rated,0.0,,true,PERCENT,0.0,InStock,,,,,,,,,,,,,,,,,,,,,,,,,,,,,,,,,,,,,,,
ABACSM1,Product,Couscous Medium AMOR BEN AMOR,1Kg x 12,68c626_2aec09a5cadb4f09b30f5035a61a69f3~mv2.jpg,Algerian Products;Wholesale Orders,ABACSM1,,0.0,,true,PERCENT,0.0,InStock,,,,,,,,,,,,,,,,,,,,,,,,,,,,,,,,,,,,,,,
O111A,Product,Al Maghribya Moroccan Extra Virgin Olive Oil 2l*12,<p>12 * 2L</p>,68c626_a09caf3828c540bc93419415988cce30~mv2.png,Olive Oil;Wholesale Orders;ECOM,O111A,,0.0,,true,PERCENT,0.0,InStock,,,,,,,,,,,,,,,,,,,,,,,,,,,,,,,,,,,,,,,
O367R,Product,Morocolives Green Olives Spicy 12*1 Lbs,1 Lbs,68c626_78233590f8664a9c9c0bcc1e1d03238c~mv2.png,Olives;Morocolives ;Wholesale Orders,O367R,,0.0,,true,PERCENT,0.0,InStock,,,,,,,,,,,,,,,,,,,,,,,,,,,,,,,,,,,,,,,
ONFG20,Product,Black Olives (greek Style) Vacuum Oualili 20 Kg (5kg X 4),5kg X 4,acbaa7_169c54b25d0d4d62b09979fc0ad22b34~mv2.jpg,Olives;Wholesale Orders,ONFG20,,0.0,,true,PERCENT,0.0,InStock,,,,,,,,,,,,,,,,,,,,,,,,,,,,,,,,,,,,,,,
R272U,Product,Marrakesh DILL WEED 12*2oz,2Oz,68c626_22ceb4cbfa5d441c867ea1122dacea82~mv2.png,"Retail Spices, Marrakesh Spices;Wholesale Orders",R272U,,0.0,,true,PERCENT,0.0,InStock,,,,,,,,,,,,,,,,,,,,,,,,,,,,,,,,,,,,,,,
BGSC2L,Product,Slim Lemon Drink,2l X 6,68c626_ddc9e0a4ba8c4775935189f6ba12d952~mv2.jpg;68c626_93d3b799446a49668fa6759ca10eebf3~mv2.png,Drinks;Wholesale Orders,BGSC2L,Top Rated,0.0,,true,PERCENT,0.0,InStock,,,,,,,,,,,,,,,,,,,,,,,,,,,,,,,,,,,,,,,
BIB8,Product,Broth Cube Ideal Halal Beef X 8,8 Cubes X 96,68c626_f83588249d1149c28386461f6a8a31a1~mv2.png,Broth & Soups Ideal;Wholesale Orders,BIB8,Top Rated,0.0,,true,PERCENT,0.0,InStock,,,,,,,,,,,,,,,,,,,,,,,,,,,,,,,,,,,,,,,
MCC,Product,Maruja Chocolate Sandwhich Cookies,12 Pcs,68c626_bbbc9aa426c74e36bddad4a941f9f4b3~mv2.jpg,Biscuits & Sweets;Wholesale Orders,MCSC,Top Rated,0.0,,true,PERCENT,0.0,InStock,,,,,,,,,,,,,,,,,,,,,,,,,,,,,,,,,,,,,,,
MMCA,Product,Maruja Milk Chocolate Bar w/ Almonds,20 Pcs,68c626_0d076844167b4c8aa7966299388cb9cc~mv2.jpg,Biscuits & Sweets;Wholesale Orders,MMCA,Top Rated,0.0,,true,PERCENT,0.0,InStock,,,,,,,,,,,,,,,,,,,,,,,,,,,,,,,,,,,,,,,
DLPV500,Product,Pasta Medium Vermicelli Dalia 500g,500g X 20,acbaa7_767a9796c8a744fe84673fd66461143a~mv2.jpg,Couscous & Pasta;Wholesale Orders,DLPV500,,0.0,,true,PERCENT,0.0,InStock,,,,,,,,,,,,,,,,,,,,,,,,,,,,,,,,,,,,,,,
O40C,Product,Morocolives Grillled Pitted Olives w/ Garlic & Herbs 12*1 Lbs,1 Lbs,68c626_78233590f8664a9c9c0bcc1e1d03238c~mv2.png,Olives;Morocolives ;Wholesale Orders,O40C,,0.0,,true,PERCENT,0.0,InStock,,,,,,,,,,,,,,,,,,,,,,,,,,,,,,,,,,,,,,,
R242D,Product,Marrakesh BLACK PEPPER Ground 12*8oz,8 Oz,68c626_ef00c81a00bf4d3a9651d61893855786~mv2.png,"Retail Spices, Marrakesh Spices;Wholesale Orders",R242D,,0.0,,true,PERCENT,0.0,InStock,,,,,,,,,,,,,,,,,,,,,,,,,,,,,,,,,,,,,,,
BGH2L,Product,Hamoud White Drink,2l X 6,68c626_b36136f8bd7b42eb95aea3765542f710~mv2.jpg,Drinks;Wholesale Orders,BGH2L,Top Rated,0.0,,true,PERCENT,0.0,InStock,,,,,,,,,,,,,,,,,,,,,,,,,,,,,,,,,,,,,,,
BGN2,Product,Classic N'gaous Drink,2l X 6,68c626_1b8c5d1164b346cfa15fa331cdb6c842~mv2.jpg,Drinks;Wholesale Orders,BGN2,Top Rated,0.0,,true,PERCENT,0.0,InStock,,,,,,,,,,,,,,,,,,,,,,,,,,,,,,,,,,,,,,,
BGP1.5L,Product,Pom's Drink,1.5l X 6,68c626_6699cccbd75843e2ad68802e98c127c5~mv2.jpg,Drinks;Wholesale Orders,BGP1.5L,Top Rated,0.0,,true,PERCENT,0.0,InStock,,,,,,,,,,,,,,,,,,,,,,,,,,,,,,,,,,,,,,,
BIM8,Product,Broth Cube Ideal Halal Lamb X 8,8 Cubes X 96,68c626_9dc88ebd32ac495a940c0a8527992394~mv2.png,Broth & Soups Ideal;Wholesale Orders,BIM8,Top Rated,0.0,,true,PERCENT,0.0,InStock,,,,,,,,,,,,,,,,,,,,,,,,,,,,,,,,,,,,,,,
CSTRF1kg,Product,Couscous Fine Tria 1kg,1kg X 15,acbaa7_73fff38ec9ad49b2ab37d764e01f6ca5~mv2.jpg,Couscous & Pasta;Wholesale Orders,CSTRF1kg,,0.0,,true,PERCENT,0.0,InStock,,,,,,,,,,,,,,,,,,,,,,,,,,,,,,,,,,,,,,,
OM8,Product,Olives Msslala Oualili 8kg,8kg X 1,acbaa7_b6c57a8800fe4c728a9e6d7b9a1dc1f7~mv2.jpg,Olives;Wholesale Orders,OM8,,0.0,,true,PERCENT,0.0,InStock,,,,,,,,,,,,,,,,,,,,,,,,,,,,,,,,,,,,,,,
PBISTG10,Product,Pack Of 10 Biscuits Tagger,(24g X 10) X 36,,Biscuits & Sweets;Wholesale Orders,PBISTG10,,0.0,,true,PERCENT,0.0,InStock,,,,,,,,,,,,,,,,,,,,,,,,,,,,,,,,,,,,,,,
PBISTGO10,Product,Pack Of 10 Biscuits Tango Choco,(25g X 10) X 36,,Biscuits & Sweets;Wholesale Orders,PBISTGO10,,0.0,,true,PERCENT,0.0,InStock,,,,,,,,,,,,,,,,,,,,,,,,,,,,,,,,,,,,,,,
BIP8,Product,Broth Cube Ideal Halal Chicken X 8,8 Cubes X 96,68c626_11c0f80068e14577bfe0ed477b1dbabb~mv2.png,Broth & Soups Ideal;Wholesale Orders,BIP8,Top Rated,0.0,,true,PERCENT,0.0,InStock,,,,,,,,,,,,,,,,,,,,,,,,,,,,,,,,,,,,,,,
MCDC,Product,Maruja Crema De Cacao,700g X 12,68c626_65ed574be59e42a897c43483e3e340c9~mv2.jpg,Biscuits & Sweets;Wholesale Orders,MCDC,Top Rated,0.0,,true,PERCENT,0.0,InStock,,,,,,,,,,,,,,,,,,,,,,,,,,,,,,,,,,,,,,,
DLCSM1,Product,Couscous Medium Dalia 1kg,1kg X 12,acbaa7_3c6ad92d63824c0e8f5bf50e5b50f282~mv2.jpg,Couscous & Pasta;Wholesale Orders,DLCSM1,,0.0,,true,PERCENT,0.0,InStock,,,,,,,,,,,,,,,,,,,,,,,,,,,,,,,,,,,,,,,
DLPS500,Product,Pasta Spaguetti Dalia 500g,500g X 20,acbaa7_4ce49abe76204a97bb2382b80da9eb2c~mv2.jpg,Couscous & Pasta;Wholesale Orders,DLPS500,,0.0,,true,PERCENT,0.0,InStock,,,,,,,,,,,,,,,,,,,,,,,,,,,,,,,,,,,,,,,
O442B,Product,Morocolives Whole Green Olives Bled 12*1 Lbs,1 Lbs,68c626_78233590f8664a9c9c0bcc1e1d03238c~mv2.png,Olives;Morocolives ;Wholesale Orders,O442B,,0.0,,true,PERCENT,0.0,InStock,,,,,,,,,,,,,,,,,,,,,,,,,,,,,,,,,,,,,,,
BGSA2L,Product,Soft Drink SLIM Pineapple,2L x 6,68c626_de6d2fc5733a42229c52bfa1b4822e2f~mv2.jpg,Drinks;Wholesale Orders,BGSA2L,Top Rated,0.0,,true,PERCENT,0.0,InStock,,,,,,,,,,,,,,,,,,,,,,,,,,,,,,,,,,,,,,,
O384G,Product,Morocolives Kalamata sliced olives 2*10 Lbs,10 Lbs,68c626_78233590f8664a9c9c0bcc1e1d03238c~mv2.png,Olives;Morocolives ;Wholesale Orders,O384G,,0.0,,true,PERCENT,0.0,InStock,,,,,,,,,,,,,,,,,,,,,,,,,,,,,,,,,,,,,,,
OVC6-72cl,Product,Broken Green Olives & Lemon Oualili 400g,400g X 6,acbaa7_959c130df8c549c48a51774955271c3e~mv2.jpg,Olives;Wholesale Orders,OVC6-72cl,,0.0,,true,PERCENT,0.0,InStock,,,,,,,,,,,,,,,,,,,,,,,,,,,,,,,,,,,,,,,
PCI,Product,Cacao Powder 5 Sachets Of 7 G,(35g X 5) X 12,acbaa7_7e4310a824594e89a8efcc4c61c591dc~mv2.jpg,Pastry Preparation;Wholesale Orders,PCI,,0.0,,true,PERCENT,0.0,InStock,,,,,,,,,,,,,,,,,,,,,,,,,,,,,,,,,,,,,,,
O401X,Product,Morocolives HARISSA  12*1.5 Lbs,5 Lbs,68c626_78233590f8664a9c9c0bcc1e1d03238c~mv2.png,Olives;Morocolives ;Wholesale Orders,O401X,,0.0,,true,PERCENT,0.0,InStock,,,,,,,,,,,,,,,,,,,,,,,,,,,,,,,,,,,,,,,
BISA8,Product,Broth Cube Ideal Halal Saffron X 8,8 Cubes X 96,acbaa7_5e62cd4c55c241ddbec55edbc30abccb~mv2.jpg,Broth & Soups Ideal;Wholesale Orders,BISA8,Top Rated,0.0,,true,PERCENT,0.0,InStock,,,,,,,,,,,,,,,,,,,,,,,,,,,,,,,,,,,,,,,
BISM40g,Product,Biscuit Merendina 45 G,40g X 36,acbaa7_dc4cc746a5fd487e9053383c5899b69f~mv2.jpg,Biscuits & Sweets;Wholesale Orders,BISM40g,Top Rated,0.0,,true,PERCENT,0.0,InStock,,,,,,,,,,,,,,,,,,,,,,,,,,,,,,,,,,,,,,,
BISPC130g,Product,Biscuit Prince Chocolate 130g,130g X 20,acbaa7_56f279601dc646c2bbca79f45c247b0e~mv2.jpg,Biscuits & Sweets;Wholesale Orders,BISPC130g,Top Rated,0.0,,true,PERCENT,0.0,InStock,,,,,,,,,,,,,,,,,,,,,,,,,,,,,,,,,,,,,,,
FICH4,Product,Chocolate Custard Ideal,4 Portions X 64,acbaa7_9909e12fd2b84d44bcc05c9a67b80742~mv2.jpg,Custards (4 Portions);Wholesale Orders,FICH4,Top Rated,0.0,,true,PERCENT,0.0,InStock,,,,,,,,,,,,,,,,,,,,,,,,,,,,,,,,,,,,,,,
FIV4,Product,Vanilla Custard Ideal,4 Portions X 64,acbaa7_e3a30ea4fbcc4195859ad7cc4c565175~mv2.jpg,Custards (4 Portions);Wholesale Orders,FIV4,Top Rated,0.0,,true,PERCENT,0.0,InStock,,,,,,,,,,,,,,,,,,,,,,,,,,,,,,,,,,,,,,,
HOEV750,Product,Extra Virgin Olive Oil El Ouazzania 750 Ml,750ml X 12,acbaa7_820f0b737f694285ae2d3f323cf65d16~mv2.jpg,Olive Oil El Ouazzania;Wholesale Orders,HOEV750,Top Rated,0.0,,true,PERCENT,0.0,InStock,,,,,,,,,,,,,,,,,,,,,,,,,,,,,,,,,,,,,,,
HOV5,Product,Olive Oil Virgin El Ouazzania 5l,5l X 6,68c626_b5a7f4c18b7b4a7bafcf097e96a16e5b~mv2.jpg,Best Sellers;Olive Oil El Ouazzania;Wholesale Orders,HOV5,Top Rated,129.95,,true,AMOUNT,10.0,InStock,,,,,,,,,,,,,,,,,,,,,,,,,,,,,,,,,,,,,,,
MCDCT,Product,Maruja Crema De Cacao y Avellana ( Twister),700g X 12,68c626_ad9a9c6f61df4772af6787a8bd0c6a48~mv2.jpg,Biscuits & Sweets;Wholesale Orders,MCDCT,Top Rated,0.0,,true,PERCENT,0.0,InStock,,,,,,,,,,,,,,,,,,,,,,,,,,,,,,,,,,,,,,,
MCW4,Product,Maruja Chocolate Waffer,400g,68c626_a4d5760740104b77bd4ff88c73d76436~mv2.jpg,Biscuits & Sweets;Wholesale Orders,MCW4,Top Rated,0.0,,true,PERCENT,0.0,InStock,,,,,,,,,,,,,,,,,,,,,,,,,,,,,,,,,,,,,,,
MOGB3,Product,The Blue - Moroccan Extra Virgin Olive Oil - 3L Tin,3l,68c626_69542e2fad0a4dcfbf651209132225cc~mv2.png,Olive Oil;Wholesale Orders,MOGB3,New Item,0.0,,true,PERCENT,0.0,InStock,,,,,,,,,,,,,,,,,,,,,,,,,,,,,,,,,,,,,,,
MOGBD5,Product,Red Olive Oil - Bold & Dynamic - 500ml,500 Ml x,68c626_62944195103448f4828bb2efcebfdb5c~mv2.png,Olive Oil;Wholesale Orders,MOGBD5,New Item,0.0,,true,PERCENT,0.0,InStock,,,,,,,,,,,,,,,,,,,,,,,,,,,,,,,,,,,,,,,
MOGBF5,Product,Blue Olive Oil - Bright & Fruity - 500ml,500 Ml x,68c626_0a1b49f219fe4327ae1966a392153dc3~mv2.png,Olive Oil;Wholesale Orders,MOGBF5,New Item,0.0,,true,PERCENT,0.0,InStock,,,,,,,,,,,,,,,,,,,,,,,,,,,,,,,,,,,,,,,
MOGR3,Product,The Red - Moroccan Extra Virgin Olive Oil - 3L Tin,3l,68c626_8370890e651d47378ddd4c82825e1ec7~mv2.png,Olive Oil;Wholesale Orders,MOGR3,New Item,0.0,,true,PERCENT,0.0,InStock,,,,,,,,,,,,,,,,,,,,,,,,,,,,,,,,,,,,,,,
May-37,Product,Mayonnaise 330 Ml,330ml X 12,68c626_62bfc88440ec4ea1b9070d3478949533~mv2.png,Sauces Spice & Herbs;Wholesale Orders,May-37,,0.0,,true,PERCENT,0.0,InStock,,,,,,,,,,,,,,,,,,,,,,,,,,,,,,,,,,,,,,,
AR1,Product,Vanilla Aroma Samra 50 Ml,50 Ml X 12,acbaa7_8d946f0eaa274ec4ba38b9780661d7bc~mv2.jpg,Pastry Preparation;Wholesale Orders,AR1,,0.0,,true,PERCENT,0.0,InStock,,,,,,,,,,,,,,,,,,,,,,,,,,,,,,,,,,,,,,,
AR10,Product,Orange Aroma Samra 50 Ml,50 Ml X 12,acbaa7_17be425f7c224930a5521ccf736522a4~mv2.jpg,Pastry Preparation;Wholesale Orders,AR10,,0.0,,true,PERCENT,0.0,InStock,,,,,,,,,,,,,,,,,,,,,,,,,,,,,,,,,,,,,,,
AR11,Product,Rose Aroma Samra 50 Ml,50 Ml X 12,acbaa7_380ff354ed3d471fa8b8e757baacf2c2~mv2.jpg,Pastry Preparation;Wholesale Orders,AR11,,0.0,,true,PERCENT,0.0,InStock,,,,,,,,,,,,,,,,,,,,,,,,,,,,,,,,,,,,,,,
AR12,Product,Chocolate Aroma Samra 50 Ml,50 Ml X 12,acbaa7_4cbd1d59441c439aa0e18629a4cee356~mv2.jpg,Pastry Preparation;Wholesale Orders,AR12,,0.0,,true,PERCENT,0.0,InStock,,,,,,,,,,,,,,,,,,,,,,,,,,,,,,,,,,,,,,,
AR13,Product,Food Coloring Blue Samra 50ml,50 Ml X 12,acbaa7_2c991018c2a14f71b86c23eb02132a77~mv2.jpg,Pastry Preparation;Wholesale Orders,AR13,,0.0,,true,PERCENT,0.0,InStock,,,,,,,,,,,,,,,,,,,,,,,,,,,,,,,,,,,,,,,
AR14,Product,Food Coloring Yellow Samra 50ml,50 Ml X 12,acbaa7_b58f5bf868664c7a9fa72d150c75784c~mv2.jpg,Pastry Preparation;Wholesale Orders,AR14,,0.0,,true,PERCENT,0.0,InStock,,,,,,,,,,,,,,,,,,,,,,,,,,,,,,,,,,,,,,,
AR15,Product,Food Coloring Red Samra 50ml,50 Ml X 12,acbaa7_2ba3e8652ff1442bb3228026a9daa37c~mv2.jpg,Pastry Preparation;Wholesale Orders,AR15,,0.0,,true,PERCENT,0.0,InStock,,,,,,,,,,,,,,,,,,,,,,,,,,,,,,,,,,,,,,,
AR16,Product,Food Coloring Green Samra 50ml,50 Ml X 12,acbaa7_3ea0cccb4da041bba5a773c959ab9116~mv2.jpg,Pastry Preparation;Wholesale Orders,AR16,,0.0,,true,PERCENT,0.0,InStock,,,,,,,,,,,,,,,,,,,,,,,,,,,,,,,,,,,,,,,
AR17,Product,Coconut Aroma Samra 50 Ml,50 Ml X 12,acbaa7_2a788f3715fe4f77be9118762c0e4cfc~mv2.jpg,Pastry Preparation;Wholesale Orders,AR17,,0.0,,true,PERCENT,0.0,InStock,,,,,,,,,,,,,,,,,,,,,,,,,,,,,,,,,,,,,,,
AR2,Product,Almond Aroma Samra 50 Ml,50 Ml X 12,acbaa7_5e490bbebc484dbba76801119fc7f397~mv2.jpg,Pastry Preparation;Wholesale Orders,AR2,,0.0,,true,PERCENT,0.0,InStock,,,,,,,,,,,,,,,,,,,,,,,,,,,,,,,,,,,,,,,
AR3,Product,Pistachio Aroma Samra 50 Ml,50 Ml X 12,acbaa7_f8f03bb99bcc43a6864f74c41b0026fd~mv2.jpg,Pastry Preparation;Wholesale Orders,AR3,,0.0,,true,PERCENT,0.0,InStock,,,,,,,,,,,,,,,,,,,,,,,,,,,,,,,,,,,,,,,
AR4,Product,Pineapple Aroma Samra 50 Ml,50 Ml X 12,acbaa7_3dfdbade729d47ea80d47c18d9a41796~mv2.jpg,Pastry Preparation;Wholesale Orders,AR4,,0.0,,true,PERCENT,0.0,InStock,,,,,,,,,,,,,,,,,,,,,,,,,,,,,,,,,,,,,,,
AR5,Product,Banana Aroma Samra 50 Ml,50 Ml X 12,acbaa7_1cf0c1a92173421eb15295791429355e~mv2.jpg,Pastry Preparation;Wholesale Orders,AR5,,0.0,,true,PERCENT,0.0,InStock,,,,,,,,,,,,,,,,,,,,,,,,,,,,,,,,,,,,,,,
AR6,Product,Coffee Aroma Samra 50 Ml,50 Ml X 12,acbaa7_4d66131394424ac9a021bd40ac3848c0~mv2.jpg,Pastry Preparation;Wholesale Orders,AR6,,0.0,,true,PERCENT,0.0,InStock,,,,,,,,,,,,,,,,,,,,,,,,,,,,,,,,,,,,,,,
AR7,Product,Lemon Aroma Samra 50 Ml,50 Ml X 12,acbaa7_06b3862c445b4a9eb881336ebb78d66d~mv2.jpg,Pastry Preparation;Wholesale Orders,AR7,,0.0,,true,PERCENT,0.0,InStock,,,,,,,,,,,,,,,,,,,,,,,,,,,,,,,,,,,,,,,
AR8,Product,Orange Blossom Aroma Samra 50 Ml,50 Ml X 12,acbaa7_57f355bca30c48b8a10de4ac0288d00b~mv2.jpg,Pastry Preparation;Wholesale Orders,AR8,,0.0,,true,PERCENT,0.0,InStock,,,,,,,,,,,,,,,,,,,,,,,,,,,,,,,,,,,,,,,
AR9,Product,Strawberry Aroma Samra 50 Ml,50 Ml X 12,acbaa7_3b72842f50d64548bbd4892191efeb99~mv2.jpg,Pastry Preparation;Wholesale Orders,AR9,,0.0,,true,PERCENT,0.0,InStock,,,,,,,,,,,,,,,,,,,,,,,,,,,,,,,,,,,,,,,
ARGR200g,Product,Red Clay 200g,200g X 24,acbaa7_65b3808259d44773ae35addc721a59c6~mv2.jpg,Body Care;Wholesale Orders,ARGR200g,,0.0,,true,PERCENT,0.0,InStock,,,,,,,,,,,,,,,,,,,,,,,,,,,,,,,,,,,,,,,
ARGB200g,Product,White Clay 200g,200g X 24,68c626_0b458376fa0d4136ad4999bad8ecd272~mv2.jpg,Body Care;Wholesale Orders,ARWC200g,,0.0,,true,PERCENT,0.0,InStock,,,,,,,,,,,,,,,,,,,,,,,,,,,,,,,,,,,,,,,
ASM1kg,Product,Assila EL MORDJANE,1kg x 12,68c626_a9ad16476ba14395a0e3770a8d644f51~mv2.jpg,Algerian Products;Wholesale Orders,ASM1kg,,0.0,,true,PERCENT,0.0,InStock,,,,,,,,,,,,,,,,,,,,,,,,,,,,,,,,,,,,,,,
BFMA120,Product,Mackerel Fillets With Herbs And Spices Belma,120g X 50,acbaa7_e1b93eb2a0fd4104af4a1eb4eba37a73~mv2.jpg,Others;Wholesale Orders,BFMA120,,0.0,,true,PERCENT,0.0,InStock,,,,,,,,,,,,,,,,,,,,,,,,,,,,,,,,,,,,,,,
BFMHV120,Product,Mackerel Fillets With Vegetable Oil Belma,120g X 50,acbaa7_8c48274dd58d4cd190422ec95f2ff779~mv2.jpg,Others;Wholesale Orders,BFMHV120,,0.0,,true,PERCENT,0.0,InStock,,,,,,,,,,,,,,,,,,,,,,,,,,,,,,,,,,,,,,,
BFMM120,Product,Mackerel Fillets Mediterranean Style Belma,120g X 50,acbaa7_a1f5c74e126a4f7390194fb2ef581802~mv2.jpg,Others;Wholesale Orders,BFMM120,,0.0,,true,PERCENT,0.0,InStock,,,,,,,,,,,,,,,,,,,,,,,,,,,,,,,,,,,,,,,
BFMST120,Product,Mackerel Fillets With Tomato Sauce Belma,120g X 50,acbaa7_5dafe959d7c449799155b342f5f79baa~mv2.jpg,Others;Wholesale Orders,BFMST120,,0.0,,true,PERCENT,0.0,InStock,,,,,,,,,,,,,,,,,,,,,,,,,,,,,,,,,,,,,,,
BIA30,Product,Broth Cube Ideal Halal Garlic X 24 (douimat),10 Cubes X 24,acbaa7_119804caa7694510b93ef42b74838ebe~mv2.jpg,Broth & Soups Ideal;Wholesale Orders,BIA30,,0.0,,true,PERCENT,0.0,InStock,,,,,,,,,,,,,,,,,,,,,,,,,,,,,,,,,,,,,,,
BIH,Product,Broth Cube Ideal Halal Herbs X 24 (douimat),10 Cubes X 24,acbaa7_859401b15ce94fe7b782c95fbd516887~mv2.jpg,Broth & Soups Ideal;Wholesale Orders,BIH,,0.0,,true,PERCENT,0.0,InStock,,,,,,,,,,,,,,,,,,,,,,,,,,,,,,,,,,,,,,,
BIH8,Product,Broth Cube Ideal Halal Harira X 8,8 Cubes X 96,acbaa7_966651ccdbd84423be110f3969ed7a8f~mv2.jpg,Broth & Soups Ideal;Wholesale Orders,BIH8,,0.0,,true,PERCENT,0.0,InStock,,,,,,,,,,,,,,,,,,,,,,,,,,,,,,,,,,,,,,,
BIPS8,Product,Broth Cube Ideal Halal Fish 8,8 Cubes X 96,acbaa7_7c887b8ecf8d46279acc25af89c19944~mv2.jpg,Broth & Soups Ideal;Wholesale Orders,BIPS8,,0.0,,true,PERCENT,0.0,InStock,,,,,,,,,,,,,,,,,,,,,,,,,,,,,,,,,,,,,,,
BIS8,Product,Broth Cube Ideal Vegetable Ghee X 8,8 Cubes X 96,acbaa7_5e62cd4c55c241ddbec55edbc30abccb~mv2.jpg,Broth & Soups Ideal;Wholesale Orders,BIS8,,0.0,,true,PERCENT,0.0,InStock,,,,,,,,,,,,,,,,,,,,,,,,,,,,,,,,,,,,,,,
BISA24,Product,Broth Cube Ideal Halal Saffron X 24 (douimat),10 Cubes X 24,acbaa7_5e62cd4c55c241ddbec55edbc30abccb~mv2.jpg,Broth & Soups Ideal;Wholesale Orders,BISA24,,0.0,,true,PERCENT,0.0,InStock,,,,,,,,,,,,,,,,,,,,,,,,,,,,,,,,,,,,,,,
BISHEN85g,Product,Biscuit Henry's 85g,85g X 50,acbaa7_972a75c2df46417da599c690ccf2cbca~mv2.jpg,Biscuits & Sweets;Wholesale Orders,BISHEN85g,,0.0,,true,PERCENT,0.0,InStock,,,,,,,,,,,,,,,,,,,,,,,,,,,,,,,,,,,,,,,
BISMCH170g,Product,Biscuit Major Chocolate 170g,170g X 20,acbaa7_f6a323a8515048799fe9b7a0c8800f5a~mv2.jpg,Biscuits & Sweets;Wholesale Orders,BISMCH170g,,0.0,,true,PERCENT,0.0,InStock,,,,,,,,,,,,,,,,,,,,,,,,,,,,,,,,,,,,,,,
BISOK,Product,Biscuit Okay 30g,30g X 60,acbaa7_422dd3c1eaa540f5a95c0d5479659cc2~mv2.jpg,Biscuits & Sweets;Wholesale Orders,BISOK,,0.0,,true,PERCENT,0.0,InStock,,,,,,,,,,,,,,,,,,,,,,,,,,,,,,,,,,,,,,,
BISPV130g,Product,Biscuit Prince Vanilla 130g,130g X 20,acbaa7_83975ca50b9e4fc7a3d1cb2fe2f5e5ac~mv2.jpg,Biscuits & Sweets;Wholesale Orders,BISPV130g,,0.0,,true,PERCENT,0.0,InStock,,,,,,,,,,,,,,,,,,,,,,,,,,,,,,,,,,,,,,,
BISSAB85g,Product,Biscuit Sablé Coco 85g,85g X 25,68c626_1712bcd9fd27407a81b99742343530a8~mv2.png,Biscuits & Sweets;Wholesale Orders,BISSAB85g,,0.0,,true,PERCENT,0.0,InStock,,,,,,,,,,,,,,,,,,,,,,,,,,,,,,,,,,,,,,,
BISTAG72,Product,Biscuit Tagger,25g X 72,acbaa7_fd17a530a2534c6abb420f80a35c4c91~mv2.jpg,Biscuits & Sweets;Wholesale Orders,BISTAG72,,0.0,,true,PERCENT,0.0,InStock,,,,,,,,,,,,,,,,,,,,,,,,,,,,,,,,,,,,,,,
BISTG52,Product,Biscuit Tongo X 52,52g X 52,acbaa7_9ea9ffc4b9c341f1b038d227aca5c636~mv2.jpg,Biscuits & Sweets;Wholesale Orders,BISTG52,,0.0,,true,PERCENT,0.0,InStock,,,,,,,,,,,,,,,,,,,,,,,,,,,,,,,,,,,,,,,
BISTGV72,Product,Biscuit Tongo Vanille X 52,52g X 52,acbaa7_cbc0e475d7b54cd1b99fc862237e9496~mv2.jpg,Biscuits & Sweets;Wholesale Orders,BISTGV72,,0.0,,true,PERCENT,0.0,InStock,,,,,,,,,,,,,,,,,,,,,,,,,,,,,,,,,,,,,,,
BISTN88,Product,Biscuit Tonik X 88,25g X 88,acbaa7_859183146cc1448dbe69be9af02f8d5d~mv2.jpg,Biscuits & Sweets;Wholesale Orders,BISTN88,,0.0,,true,PERCENT,0.0,InStock,,,,,,,,,,,,,,,,,,,,,,,,,,,,,,,,,,,,,,,
BOVD340g,Product,Pitted Green Olives El Barraka 340 G,160g X 12,acbaa7_5a1651b9de0a492a8d7126d35938f25e~mv2.jpg,Olives;Wholesale Orders,BOVD340g,,0.0,,true,PERCENT,0.0,InStock,,,,,,,,,,,,,,,,,,,,,,,,,,,,,,,,,,,,,,,
BOVD680g,Product,Pitted Green Olives El Barraka 680 G,315g X 12,,Olives;Wholesale Orders,BOVD680g,,0.0,,true,PERCENT,0.0,InStock,,,,,,,,,,,,,,,,,,,,,,,,,,,,,,,,,,,,,,,
BSB120,Product,Sardines Balls Belma,120g X 50,acbaa7_60582123cbda4a70995682dfe91a4a91~mv2.jpg,Sardines & Tuna;Wholesale Orders,BSB120,,0.0,,true,PERCENT,0.0,InStock,,,,,,,,,,,,,,,,,,,,,,,,,,,,,,,,,,,,,,,
BSFA120,Product,Sardines Agadir Style Belma,120g X 50,acbaa7_d6b5c042b40745fabd2b95dea453fc20~mv2.jpg,Sardines & Tuna;Wholesale Orders,BSFA120,,0.0,,true,PERCENT,0.0,InStock,,,,,,,,,,,,,,,,,,,,,,,,,,,,,,,,,,,,,,,
BSFF120,Product,Sardines Fes Style Belma,120g X 50,acbaa7_78375fd40de34f29b08c804b7678ed72~mv2.jpg,Sardines & Tuna;Wholesale Orders,BSFF120,,0.0,,true,PERCENT,0.0,InStock,,,,,,,,,,,,,,,,,,,,,,,,,,,,,,,,,,,,,,,
BSFM120,Product,Sardines Marrakech Style Belma,120g X 50,acbaa7_4900a02e220f44f09b952f460dc475e4~mv2.jpg,Sardines & Tuna;Wholesale Orders,BSFM120,,0.0,,true,PERCENT,0.0,InStock,,,,,,,,,,,,,,,,,,,,,,,,,,,,,,,,,,,,,,,
BSHP120,Product,Sardines With Spicy Oil Belma,120g X 50,acbaa7_7c9a783a9ccb453098fd5e13440d9f75~mv2.jpg,Sardines & Tuna;Wholesale Orders,BSHP120,,0.0,,true,PERCENT,0.0,InStock,,,,,,,,,,,,,,,,,,,,,,,,,,,,,,,,,,,,,,,
BSHV120,Product,Sardines With Vegetable Oil Belma,120g X 50,acbaa7_480066bea2644e0697471ae69eab5dd0~mv2.jpg,Sardines & Tuna;Wholesale Orders,BSHV120,,0.0,,true,PERCENT,0.0,InStock,,,,,,,,,,,,,,,,,,,,,,,,,,,,,,,,,,,,,,,
BSSMR120,Product,Sardines With Moroccan Sauce Belma,120g X 50,acbaa7_de5247743cbe442cbdd32852b25632b8~mv2.jpg,Sardines & Tuna;Wholesale Orders,BSSMR120,,0.0,,true,PERCENT,0.0,InStock,,,,,,,,,,,,,,,,,,,,,,,,,,,,,,,,,,,,,,,
BSST120,Product,Sardines With Tomato Sauce Belma,120g X 50,acbaa7_ab69adadc6ea459d9ee200c707b22434~mv2.jpg,Sardines & Tuna;Wholesale Orders,BSST120,,0.0,,true,PERCENT,0.0,InStock,,,,,,,,,,,,,,,,,,,,,,,,,,,,,,,,,,,,,,,
C14Q,Product,Torku #1 Daha Milk Chocolate 6*24*32gr,32 G,,Biscuits & Sweets;Wholesale Orders,C14Q,,0.0,,true,PERCENT,0.0,InStock,,,,,,,,,,,,,,,,,,,,,,,,,,,,,,,,,,,,,,,
C150A,Product,Torku Tam digestible biscuit with whole wheat 4*24*131gr,131 G,,Biscuits & Sweets;Wholesale Orders,C150A,,0.0,,true,PERCENT,0.0,InStock,,,,,,,,,,,,,,,,,,,,,,,,,,,,,,,,,,,,,,,
C163N,Product,Torku Tam Biscuit withwhole wheat  14*3*131gr,131 G,,Biscuits & Sweets;Wholesale Orders,C163N,,0.0,,true,PERCENT,0.0,InStock,,,,,,,,,,,,,,,,,,,,,,,,,,,,,,,,,,,,,,,
C208H,Product,Ziko's petit beurre Tea Biscuit900g*6,6 G,,Biscuits & Sweets;Wholesale Orders,C208H,,0.0,,true,PERCENT,0.0,InStock,,,,,,,,,,,,,,,,,,,,,,,,,,,,,,,,,,,,,,,
C21Q,Product,Safari Surprise Egg with Peanut Cream& Milky Hazelnut Cream (15g*24)*6,26 * 15 G,,Biscuits & Sweets;Wholesale Orders,C21Q,,0.0,,true,PERCENT,0.0,InStock,,,,,,,,,,,,,,,,,,,,,,,,,,,,,,,,,,,,,,,
C280T,Product,Torku Tam Ruseymli Biscuit with wheat germ and chocolate 8*3*84gr,84 G,,Biscuits & Sweets;Wholesale Orders,C280T,,0.0,,true,PERCENT,0.0,InStock,,,,,,,,,,,,,,,,,,,,,,,,,,,,,,,,,,,,,,,
C290U,Product,Ziko's Chocolate Waffers 5-Pack 6.34oz*20,20 Oz,,Biscuits & Sweets;Wholesale Orders,C290U,,0.0,,true,PERCENT,0.0,InStock,,,,,,,,,,,,,,,,,,,,,,,,,,,,,,,,,,,,,,,
C339S,Product,Ziko's Waffers 9oz*6 Hazelnut,90 Oz,,Biscuits & Sweets;Wholesale Orders,C339S,,0.0,,true,PERCENT,0.0,InStock,,,,,,,,,,,,,,,,,,,,,,,,,,,,,,,,,,,,,,,
C378E,Product,Torku #1 Bitter Chocolate coated wafer 16*5*35gr,35 G,,Biscuits & Sweets;Wholesale Orders,C378E,,0.0,,true,PERCENT,0.0,InStock,,,,,,,,,,,,,,,,,,,,,,,,,,,,,,,,,,,,,,,
C392I,Product,Torku Tam Kakao Kremalim Biscuit with Cocoa 12*3*83gr,83 G,,Biscuits & Sweets;Wholesale Orders,C392I,,0.0,,true,PERCENT,0.0,InStock,,,,,,,,,,,,,,,,,,,,,,,,,,,,,,,,,,,,,,,
C579E,Product,Torku #1 Bitter chocolate coatedwafer 6*24*35gr,35 G,,Biscuits & Sweets;Wholesale Orders,C579E,,0.0,,true,PERCENT,0.0,InStock,,,,,,,,,,,,,,,,,,,,,,,,,,,,,,,,,,,,,,,
C597G,Product,Torku #1 Wafer chocolate coated 6*24*35g,35 G,,Biscuits & Sweets;Wholesale Orders,C597G,,0.0,,true,PERCENT,0.0,InStock,,,,,,,,,,,,,,,,,,,,,,,,,,,,,,,,,,,,,,,
C737R,Product,Ziko's Waffers 9oz*6 Milk,9 Oz,,Biscuits & Sweets;Wholesale Orders,C737R,,0.0,,true,PERCENT,0.0,InStock,,,,,,,,,,,,,,,,,,,,,,,,,,,,,,,,,,,,,,,
C799N,Product,Princess Surprise Egg with Peanut Cream& Milky Hazelnut Cream (15g*24)*6,25 * 15 G,,Biscuits & Sweets;Wholesale Orders,C799N,,0.0,,true,PERCENT,0.0,InStock,,,,,,,,,,,,,,,,,,,,,,,,,,,,,,,,,,,,,,,
C820G,Product,Torku Tam Cikolatam Oat biscuit with milk Choc and Milk cream 12*3*84gr,84 G,,Biscuits & Sweets;Wholesale Orders,C820G,,0.0,,true,PERCENT,0.0,InStock,,,,,,,,,,,,,,,,,,,,,,,,,,,,,,,,,,,,,,,
C896Y,Product,torku #1 chocolate coated wafer multipack 16*5*35gr,35 G,,Biscuits & Sweets;Wholesale Orders,C896Y,,0.0,,true,PERCENT,0.0,InStock,,,,,,,,,,,,,,,,,,,,,,,,,,,,,,,,,,,,,,,
C904T,Product,JUNIOR Surprise Egg with Peanut Cream& Milky Hazelnut Cream (15g*24)*6,24 * 15 G,,Biscuits & Sweets;Wholesale Orders,C904T,,0.0,,true,PERCENT,0.0,InStock,,,,,,,,,,,,,,,,,,,,,,,,,,,,,,,,,,,,,,,
C922I,Product,Torku Tam Biscuit with Oat 12*3*125gr,125 G,,Biscuits & Sweets;Wholesale Orders,C922I,,0.0,,true,PERCENT,0.0,InStock,,,,,,,,,,,,,,,,,,,,,,,,,,,,,,,,,,,,,,,
CAD500,Product,Pasta Angel Hair Dari 500g,500g X 12,acbaa7_058c215f47f44acd8d93b61716dd0621~mv2.jpg,Couscous & Pasta;Wholesale Orders,CAD500,,0.0,,true,PERCENT,0.0,InStock,,,,,,,,,,,,,,,,,,,,,,,,,,,,,,,,,,,,,,,
CATR500,Product,Pasta Angel Hair Tria 500g,500g X 12,acbaa7_0d1e5eb5afe84b969cbfc551cb0d1a71~mv2.jpg,Couscous & Pasta;Wholesale Orders,CATR500,,0.0,,true,PERCENT,0.0,InStock,,,,,,,,,,,,,,,,,,,,,,,,,,,,,,,,,,,,,,,
CC6-72cl,Product,Preserved Lemon Oualili 400g,400g X 6,acbaa7_72a843f67b4e470dbe06ee1606bc9083~mv2.jpg,Olives;Wholesale Orders,CC6-72cl,,0.0,,true,PERCENT,0.0,InStock,,,,,,,,,,,,,,,,,,,,,,,,,,,,,,,,,,,,,,,
CC8kg,Product,Preserved Lemon Oualili 8 Kg,8kg X 1,acbaa7_7336c27b38a84018b9e3c247c0cdc67b~mv2.jpg,Olives;Wholesale Orders,CC8kg,,0.0,,true,PERCENT,0.0,InStock,,,,,,,,,,,,,,,,,,,,,,,,,,,,,,,,,,,,,,,
CCI,Product,Whipped Cream Ideal,100g X 18,acbaa7_f5c17dcf1cbd40c1a5406840eb16536f~mv2.jpg,Pastry Preparation;Wholesale Orders,CCI,,0.0,,true,PERCENT,0.0,InStock,,,,,,,,,,,,,,,,,,,,,,,,,,,,,,,,,,,,,,,
CFA200,Product,Ground Coffee Asta 200g X 24,200g X 24,acbaa7_9be727be20684a0ab6e95c654c581e82~mv2.jpg,Sauces Spice & Herbs;Wholesale Orders,CFA200,,0.0,,true,PERCENT,0.0,InStock,,,,,,,,,,,,,,,,,,,,,,,,,,,,,,,,,,,,,,,
CFAE200g,Product,Café Spices Asta 200g X 12,200g X 12,acbaa7_d091b024d28348d18e170b252013799a~mv2.jpg,Sauces Spice & Herbs;Wholesale Orders,CFAE200g,,0.0,,true,PERCENT,0.0,InStock,,,,,,,,,,,,,,,,,,,,,,,,,,,,,,,,,,,,,,,
CFBA4/4,Product,Apricot Jam El Baraka (4/4),960g X 6,acbaa7_c8bf120c449c44c9b386b2a49a5fa8e5~mv2.jpg,Jams El Baraka;Wholesale Orders,CFBA4/4,,0.0,,true,PERCENT,0.0,InStock,,,,,,,,,,,,,,,,,,,,,,,,,,,,,,,,,,,,,,,
CFBAB37,Product,Apricot Jam El Baraka 430g,430g X 12,acbaa7_bbcf4313e1694381a87f6af82c83c728~mv2.jpg,Jams El Baraka;Wholesale Orders,CFBAB37,,0.0,,true,PERCENT,0.0,InStock,,,,,,,,,,,,,,,,,,,,,,,,,,,,,,,,,,,,,,,
CFBAB72,Product,Apricot Jam El Baraka 830g,830g X 6,acbaa7_862c0ff6c6e34ceb84c750975e9a95da~mv2.jpg,Jams El Baraka;Wholesale Orders,CFBAB72,,0.0,,true,PERCENT,0.0,InStock,,,,,,,,,,,,,,,,,,,,,,,,,,,,,,,,,,,,,,,
CFBC37,Product,Lemon Jam El Baraka 430g,430g X 12,acbaa7_1a1c554f6dcc464e8ef071cb70e5a66f~mv2.jpg,Jams El Baraka;Wholesale Orders,CFBC37,,0.0,,true,PERCENT,0.0,InStock,,,,,,,,,,,,,,,,,,,,,,,,,,,,,,,,,,,,,,,
CFBF4/4,Product,Strawberry Jam El Baraka (4/4),960g X 6,acbaa7_944d58cc63e34db6b9219ccd5f6651c6~mv2.jpg,Jams El Baraka;Wholesale Orders,CFBF4/4,,0.0,,true,PERCENT,0.0,InStock,,,,,,,,,,,,,,,,,,,,,,,,,,,,,,,,,,,,,,,
CFBFG37,Product,Fig Jam El Baraka 430g,430g X 12,acbaa7_a2a25c1488db49e0824d8e80024eabcf~mv2.jpg,Jams El Baraka;Wholesale Orders,CFBFG37,,0.0,,true,PERCENT,0.0,InStock,,,,,,,,,,,,,,,,,,,,,,,,,,,,,,,,,,,,,,,
CFBFG4/4,Product,Fig Jam El Baraka (4/4),960g X 6,acbaa7_7ff7b5af49cc4e939c2ab7c323944e01~mv2.jpg,Jams El Baraka;Wholesale Orders,CFBFG4/4,,0.0,,true,PERCENT,0.0,InStock,,,,,,,,,,,,,,,,,,,,,,,,,,,,,,,,,,,,,,,
CFBFG72,Product,Fig Jam El Baraka 830g,830g X 6,acbaa7_625dc3b726a14ac0b6aed006003fbab9~mv2.jpg,Jams El Baraka;Wholesale Orders,CFBFG72,,0.0,,true,PERCENT,0.0,InStock,,,,,,,,,,,,,,,,,,,,,,,,,,,,,,,,,,,,,,,
CFBFR37,Product,Strawberry Jam El Baraka 430g,430g X 12,68c626_cd9a42e1e65b46aba66a543266203e2c~mv2.png,Jams El Baraka;Wholesale Orders,CFBFR37,,0.0,,true,PERCENT,0.0,InStock,,,,,,,,,,,,,,,,,,,,,,,,,,,,,,,,,,,,,,,
CFBFR72,Product,Strawberry Jam El Baraka 830g,830g X 6,acbaa7_9f9f6e8aa38347f3a2bfa5cc5115f551~mv2.jpg,Jams El Baraka;Wholesale Orders,CFBFR72,,0.0,,true,PERCENT,0.0,InStock,,,,,,,,,,,,,,,,,,,,,,,,,,,,,,,,,,,,,,,
CFBOR37,Product,Orange Jam El Baraka 430g,430g X 12,acbaa7_0b4751092f634fcabf82aebb138a1927~mv2.jpg,Jams El Baraka;Wholesale Orders,CFBOR37,,0.0,,true,PERCENT,0.0,InStock,,,,,,,,,,,,,,,,,,,,,,,,,,,,,,,,,,,,,,,
CM11,Product,Cooker 11l,11l X 1,,Kitchen items;Wholesale Orders,CM11,,0.0,,true,PERCENT,0.0,InStock,,,,,,,,,,,,,,,,,,,,,,,,,,,,,,,,,,,,,,,
CM4,Product,Cooker 5l,5l X 1,acbaa7_6785e6f3fe3b4abfaacce8191b541710~mv2.jpg,Kitchen items;Wholesale Orders,CM4,,0.0,,true,PERCENT,0.0,InStock,,,,,,,,,,,,,,,,,,,,,,,,,,,,,,,,,,,,,,,
CM7,Product,Cooker 7l,7l X 1,,Kitchen items;Wholesale Orders,CM7,,0.0,,true,PERCENT,0.0,InStock,,,,,,,,,,,,,,,,,,,,,,,,,,,,,,,,,,,,,,,
CM9,Product,Cooker 9l,9l X 1,,Kitchen items;Wholesale Orders,CM9,,0.0,,true,PERCENT,0.0,InStock,,,,,,,,,,,,,,,,,,,,,,,,,,,,,,,,,,,,,,,
CN64,Product,COCO Noura Charcoal 64 cube,1kg * 20,68c626_44795db7fe704f4aad64188f24115269~mv2.png,COCO Noura Charcoal;Wholesale Orders,CN64,,0.0,,true,PERCENT,0.0,InStock,,,,,,,,,,,,,,,,,,,,,,,,,,,,,,,,,,,,,,,
CN72,Product,COCO Noura Charcoal 72 Cube,1kg * 20,68c626_43548a95c9564812809286227f02ea53~mv2.jpg,COCO Noura Charcoal;Wholesale Orders,CN72,,0.0,,true,PERCENT,0.0,InStock,,,,,,,,,,,,,,,,,,,,,,,,,,,,,,,,,,,,,,,
CNFL,Product,COCO Noura Charcoal - Fast Light,10pcs* 10 Boxes,68c626_b225e6bc83a54df9a6f125c8438017ca~mv2.png,COCO Noura Charcoal;Wholesale Orders,CNFL,,0.0,,true,PERCENT,0.0,InStock,,,,,,,,,,,,,,,,,,,,,,,,,,,,,,,,,,,,,,,
COL100,Product,Coloring Food X 100 Sheets,100 Sachets X 10,acbaa7_0073dc1fad424d4495ff0c3500e5cf6c~mv2.jpg,Sauces Spice & Herbs;Wholesale Orders,COL100,,0.0,,true,PERCENT,0.0,InStock,,,,,,,,,,,,,,,,,,,,,,,,,,,,,,,,,,,,,,,
COL50S,Product,Coloring Food X 50 Sheets,50 Sachets X 20,acbaa7_7789afac159d4932adcbaa169b156443~mv2.jpg,Sauces Spice & Herbs;Wholesale Orders,COL50S,,0.0,,true,PERCENT,0.0,InStock,,,,,,,,,,,,,,,,,,,,,,,,,,,,,,,,,,,,,,,
COLAW,Product,Coloring Food Walima 18 G,18g X 12,acbaa7_66bb2dbd75dd4530a5f9d75b9830acee~mv2.jpg,Sauces Spice & Herbs;Wholesale Orders,COLAW,,0.0,,true,PERCENT,0.0,InStock,,,,,,,,,,,,,,,,,,,,,,,,,,,,,,,,,,,,,,,
COR,Product,Pickled Mini Gherkin Star 350 G,350g X 12,acbaa7_269814abec32428fbdf2f7c2cd02787b~mv2.jpg,Olives;Wholesale Orders,COR,,0.0,,true,PERCENT,0.0,InStock,,,,,,,,,,,,,,,,,,,,,,,,,,,,,,,,,,,,,,,
COUSC12,Product,Couscous Pot 12l,12l X 1,,Kitchen items;Wholesale Orders,COUSC12,,0.0,,true,PERCENT,0.0,InStock,,,,,,,,,,,,,,,,,,,,,,,,,,,,,,,,,,,,,,,
COUSC4,Product,Couscous Pot 4l,4l X 1,acbaa7_6ed664c10463487ab6e2dd0cb12e510e~mv2.jpg,Kitchen items;Wholesale Orders,COUSC4,,0.0,,true,PERCENT,0.0,InStock,,,,,,,,,,,,,,,,,,,,,,,,,,,,,,,,,,,,,,,
COUSC6,Product,Couscous Pot 6l,6l X 1,,Kitchen items;Wholesale Orders,COUSC6,,0.0,,true,PERCENT,0.0,InStock,,,,,,,,,,,,,,,,,,,,,,,,,,,,,,,,,,,,,,,
COUSC8,Product,Couscous Pot 8l,8l X 1,,Kitchen items;Wholesale Orders,COUSC8,,0.0,,true,PERCENT,0.0,InStock,,,,,,,,,,,,,,,,,,,,,,,,,,,,,,,,,,,,,,,
CPAT,Product,Pastry Cream Ideal,200g X 18,acbaa7_a911a00b4f8a4e6a8bec9bfd2b48f165~mv2.jpg,Pastry Preparation;Wholesale Orders,CPAT,,0.0,,true,PERCENT,0.0,InStock,,,,,,,,,,,,,,,,,,,,,,,,,,,,,,,,,,,,,,,
CSDF,Product,Couscous Fine Dari 1kg,1kg X 12,acbaa7_177d99699af04a58b1b8cf6064d36788~mv2.jpg,Couscous & Pasta;Wholesale Orders,CSDF,,0.0,,true,PERCENT,0.0,InStock,,,,,,,,,,,,,,,,,,,,,,,,,,,,,,,,,,,,,,,
CSDM,Product,Couscous Medium Dari 1kg,1kg X 12,acbaa7_da092cca37d64edb84cccb3c73d6efcd~mv2.jpg,Couscous & Pasta;Wholesale Orders,CSDM,,0.0,,true,PERCENT,0.0,InStock,,,,,,,,,,,,,,,,,,,,,,,,,,,,,,,,,,,,,,,
CSO,Product,Barley Couscous Dari 1kg,1kg X 12,acbaa7_c4854888ded94f3aa5a6de4e8c975dc2~mv2.jpg,Couscous & Pasta;Wholesale Orders,CSO,,0.0,,true,PERCENT,0.0,InStock,,,,,,,,,,,,,,,,,,,,,,,,,,,,,,,,,,,,,,,
CSTRC,Product,Wholewheat Couscous Tria 1kg,1kg X 15,acbaa7_8fa961320a5a44a099dceb88d22047ea~mv2.jpg,Couscous & Pasta;Wholesale Orders,CSTRC,,0.0,,true,PERCENT,0.0,InStock,,,,,,,,,,,,,,,,,,,,,,,,,,,,,,,,,,,,,,,
CSTRM1kg,Product,Couscous Medium Tria 1kg,1kg X 15,acbaa7_e625d871d379441aaaa8def61d7b2448~mv2.jpg,Couscous & Pasta;Wholesale Orders,CSTRM1kg,,0.0,,true,PERCENT,0.0,InStock,,,,,,,,,,,,,,,,,,,,,,,,,,,,,,,,,,,,,,,
CSTRO1kg,Product,Barley Couscous Tria 1kg,1kg X 15,acbaa7_07bb25e48d8047afb4a661f56cdd6767~mv2.jpg,Couscous & Pasta;Wholesale Orders,CSTRO1kg,,0.0,,true,PERCENT,0.0,InStock,,,,,,,,,,,,,,,,,,,,,,,,,,,,,,,,,,,,,,,
DA1,Product,Algerian Dates Deglet Nour 1kg X 12,1kg X 12,acbaa7_4b7742d4e48e4f36862d3a0d5648a427~mv2.jpg,Others;Wholesale Orders,DA1,,0.0,,true,PERCENT,0.0,InStock,,,,,,,,,,,,,,,,,,,,,,,,,,,,,,,,,,,,,,,
DCTL1/2,Product,Tomato Paste Lella 400g X 24,400g X 24,acbaa7_e2200a461d1141f7af34aca1a9f4271d~mv2.jpg,Sauces Spice & Herbs;Wholesale Orders,DCTL1/2,,0.0,,true,PERCENT,0.0,InStock,,,,,,,,,,,,,,,,,,,,,,,,,,,,,,,,,,,,,,,
DCTL4/4,Product,Tomato Paste Lella 800g X 12,800g X 12,,Sauces & Harissa & Vinegar;Wholesale Orders,DCTL4/4,,0.0,,true,PERCENT,0.0,InStock,,,,,,,,,,,,,,,,,,,,,,,,,,,,,,,,,,,,,,,
DLCSC1,Product,Whole Wheat Couscous Dalia 1kg,1kg X 12,acbaa7_f2fb47d09df742a1af5c673774eac795~mv2.jpg,Couscous & Pasta;Wholesale Orders,DLCSC1,,0.0,,true,PERCENT,0.0,InStock,,,,,,,,,,,,,,,,,,,,,,,,,,,,,,,,,,,,,,,
DLCSM3,Product,Couscous Medium Dalia 3kg,3kg X 6,acbaa7_7c17220a489745eca6ce97beea2e1840~mv2.jpg,Couscous & Pasta;Wholesale Orders,DLCSM3,,0.0,,true,PERCENT,0.0,InStock,,,,,,,,,,,,,,,,,,,,,,,,,,,,,,,,,,,,,,,
DLCSO1,Product,Barley Couscous Dalia 1kg,1kg X 12,68c626_0ab9aaf476c147b3a40e3f260bf748f1~mv2.png,Couscous & Pasta;Wholesale Orders,DLCSO1,,0.0,,true,PERCENT,0.0,InStock,,,,,,,,,,,,,,,,,,,,,,,,,,,,,,,,,,,,,,,
DLPC500,Product,Pasta Small Shells Dalia 500g,500g X 20,acbaa7_37b28817615347b3a0849dffa1ba5976~mv2.jpg,Couscous & Pasta;Wholesale Orders,DLPC500,,0.0,,true,PERCENT,0.0,InStock,,,,,,,,,,,,,,,,,,,,,,,,,,,,,,,,,,,,,,,
DLPCA500,Product,Pasta Angel Hair Dalia 500g,500g X 12,68c626_26638e54c18043cd808c709136db9203~mv2.png,Couscous & Pasta;Wholesale Orders,DLPCA500,,0.0,,true,PERCENT,0.0,InStock,,,,,,,,,,,,,,,,,,,,,,,,,,,,,,,,,,,,,,,
DLPCO500,Product,Pasta Shells Dalia 500g,500g X 20,68c626_f35d06d7a23b478e87ebe1ca062538d1~mv2.png,Couscous & Pasta;Wholesale Orders,DLPCO500,,0.0,,true,PERCENT,0.0,InStock,,,,,,,,,,,,,,,,,,,,,,,,,,,,,,,,,,,,,,,
DLPLO500,Product,Pasta Bird Tongue Dalia 500g,500g X 20,68c626_93b941fa27314adab913337f0ef51807~mv2.png,Couscous & Pasta;Wholesale Orders,DLPLO500,,0.0,,true,PERCENT,0.0,InStock,,,,,,,,,,,,,,,,,,,,,,,,,,,,,,,,,,,,,,,
DLPP500,Product,Pasta Small Lead Dalia 500g,500g X 20,acbaa7_ed0486b9641f470ebddf5dfb7323a021~mv2.jpg,Couscous & Pasta;Wholesale Orders,DLPP500,,0.0,,true,PERCENT,0.0,InStock,,,,,,,,,,,,,,,,,,,,,,,,,,,,,,,,,,,,,,,
DLPPL500,Product,Pasta Pen Dalia 500g,500g X 20,acbaa7_e0215cbc7d6f495c9768dd2d28068030~mv2.jpg,Couscous & Pasta;Wholesale Orders,DLPPL500,,0.0,,true,PERCENT,0.0,InStock,,,,,,,,,,,,,,,,,,,,,,,,,,,,,,,,,,,,,,,
DLPT500,Product,Pasta Torsade Dalia 500g,500g X 20,acbaa7_400532a18d804fe3bf1080335063f862~mv2.jpg,Couscous & Pasta;Wholesale Orders,DLPT500,,0.0,,true,PERCENT,0.0,InStock,,,,,,,,,,,,,,,,,,,,,,,,,,,,,,,,,,,,,,,
E2PK,Product,Paprika 5kg,5kg X 5,acbaa7_8c3ea8dd98c148f3ab267b5815c88e17~mv2.jpg,Sauces Spice & Herbs;Wholesale Orders,E2PK,,0.0,,true,PERCENT,0.0,InStock,,,,,,,,,,,,,,,,,,,,,,,,,,,,,,,,,,,,,,,
EFM,Product,Orange Flower Water Dar Bel Aamri 250ml,250ml X 24,acbaa7_4b2419a75e91481f8eaee37ba98966eb~mv2.jpg,Pastry Preparation;Wholesale Orders,EFM,,0.0,,true,PERCENT,0.0,InStock,,,,,,,,,,,,,,,,,,,,,,,,,,,,,,,,,,,,,,,
EFO750,Product,Orange Flower Water Dar Bel Aamri 750ml,750ml X 12,acbaa7_80fb78064a2a4a73bf11b9839befde84~mv2.jpg,Pastry Preparation;Wholesale Orders,EFO750,,0.0,,true,PERCENT,0.0,InStock,,,,,,,,,,,,,,,,,,,,,,,,,,,,,,,,,,,,,,,
EFOS245,Product,Orange Blossom Samra 245 Ml,245 Ml X 20,acbaa7_12df438c71ec4fe388fd094ba6c9b623~mv2.jpg,Pastry Preparation;Wholesale Orders,EFOS245,,0.0,,true,PERCENT,0.0,InStock,,,,,,,,,,,,,,,,,,,,,,,,,,,,,,,,,,,,,,,
EFOS500,Product,Orange Blossom Samra 500 Ml,500 Ml X12,acbaa7_8a63723f2782448d82930ab8e476d494~mv2.jpg,Pastry Preparation;Wholesale Orders,EFOS500,,0.0,,true,PERCENT,0.0,InStock,,,,,,,,,,,,,,,,,,,,,,,,,,,,,,,,,,,,,,,
EFOZ750,Product,Orange Blossom Water EZZAHIA,750 ml X 12,68c626_dc0620d301694346bf17900f7c67a1ef~mv2.jpg,Algerian Products;Wholesale Orders,EFOZ750,,0.0,,true,PERCENT,0.0,InStock,,,,,,,,,,,,,,,,,,,,,,,,,,,,,,,,,,,,,,,
ERS245,Product,Rose Water 245 Ml,245 Ml X 20,acbaa7_b756ef66011748a3ab43ae60cf26e3a3~mv2.jpg,Pastry Preparation;Wholesale Orders,ERS245,,0.0,,true,PERCENT,0.0,InStock,,,,,,,,,,,,,,,,,,,,,,,,,,,,,,,,,,,,,,,
ETCCM70gx24,Product,Turmeric Tayeb 70 G,70 G X 24,acbaa7_c99b65044a014b23988034fedc0d2225~mv2.jpg,TAYEB Brand;Wholesale Orders,ETCCM70gx24,,0.0,,true,PERCENT,0.0,InStock,,,,,,,,,,,,,,,,,,,,,,,,,,,,,,,,,,,,,,,
ETCM70gx24,Product,Cumin Tayeb 70 G,70 G X 24,acbaa7_4cd167329df04ec3b678c1b8328ff684~mv2.jpg,TAYEB Brand;Wholesale Orders,ETCM70gx24,,0.0,,true,PERCENT,0.0,InStock,,,,,,,,,,,,,,,,,,,,,,,,,,,,,,,,,,,,,,,
ETCN70gx24,Product,Cinnamon Tayeb 70 G,70 G X 24,acbaa7_63724188af064177b7b8606deadc6927~mv2.jpg,TAYEB Brand;Wholesale Orders,ETCN70gx24,,0.0,,true,PERCENT,0.0,InStock,,,,,,,,,,,,,,,,,,,,,,,,,,,,,,,,,,,,,,,
ETCOR40gx24,Product,Coriander Tayeb 40 G,40 G X 24,acbaa7_ee4a50d4d5054213a617ed445dd2d493~mv2.jpg,TAYEB Brand;Wholesale Orders,ETCOR40gx24,,0.0,,true,PERCENT,0.0,InStock,,,,,,,,,,,,,,,,,,,,,,,,,,,,,,,,,,,,,,,
ETCRS80gx24,Product,Cresson Seeds Tayeb 80 G,80 G X 24,68c626_89e9f41b40ab4a00bedb3d75a65c4b2e~mv2.png,TAYEB Brand;Wholesale Orders,ETCRS80gx24,,0.0,,true,PERCENT,0.0,InStock,,,,,,,,,,,,,,,,,,,,,,,,,,,,,,,,,,,,,,,
ETGG70gx24,Product,Ginger Tayeb 70 G,70 G X 24,68c626_89e9f41b40ab4a00bedb3d75a65c4b2e~mv2.png,TAYEB Brand;Wholesale Orders,ETGG70gx24,,0.0,,true,PERCENT,0.0,InStock,,,,,,,,,,,,,,,,,,,,,,,,,,,,,,,,,,,,,,,
ETM7E70gx24,Product,7 Spices Blend Tayeb 70 G,70 G X 24,acbaa7_299d779fcbf14389ad4776db8283544b~mv2.jpg,TAYEB Brand;Wholesale Orders,ETM7E70gx24,,0.0,,true,PERCENT,0.0,InStock,,,,,,,,,,,,,,,,,,,,,,,,,,,,,,,,,,,,,,,
ETMCR70gx24,Product,Curry Spce Blend Tayeb 70 G,70 G X 24,acbaa7_34fd36b754644754b58ae1b1b3f9f3e9~mv2.jpg,TAYEB Brand;Wholesale Orders,ETMCR70gx24,,0.0,,true,PERCENT,0.0,InStock,,,,,,,,,,,,,,,,,,,,,,,,,,,,,,,,,,,,,,,
ETMCS70gx24,Product,Couscous Spice Blend Tayeb 70 G,70 G X 24,acbaa7_9278f8c8d9df4c5fb9ed4cf60ee0f2b5~mv2.jpg,TAYEB Brand;Wholesale Orders,ETMCS70gx24,,0.0,,true,PERCENT,0.0,InStock,,,,,,,,,,,,,,,,,,,,,,,,,,,,,,,,,,,,,,,
ETMG70gx24,Product,Bbq Spice Blend Tayeb 70 G,70 G X 24,acbaa7_d6b016dbd2c447bcac031de195d6286a~mv2.jpg,TAYEB Brand;Wholesale Orders,ETMG70gx24,,0.0,,true,PERCENT,0.0,InStock,,,,,,,,,,,,,,,,,,,,,,,,,,,,,,,,,,,,,,,
ETMK70gx24,Product,Kefta Spice Blend Tayeb Case of 12,<p>12 Pack</p>,acbaa7_6ed8738343e247ce919b022b3c687c53~mv2.jpg,TAYEB Brand;Wholesale Orders,ETMK70gx24,Only 2 Left,59.95,,true,PERCENT,0.0,2,,,,,,,,,,,,,,,,,,,,,,,,,,,,,,,,,,,,,,,
ETMPL70gx24,Product,Chiken Spice Blend Tayeb 70 G,70 G X 24,acbaa7_dc06178b9a434734ad6de5d949049442~mv2.jpg,TAYEB Brand;Wholesale Orders,ETMPL70gx24,,0.0,,true,PERCENT,0.0,InStock,,,,,,,,,,,,,,,,,,,,,,,,,,,,,,,,,,,,,,,
ETMPS70gx24,Product,Fish Spice Blend Tayeb 70 G,70 G X 24,acbaa7_e641d5b363904817900e757c92019ced~mv2.jpg,TAYEB Brand;Wholesale Orders,ETMPS70gx24,,0.0,,true,PERCENT,0.0,InStock,,,,,,,,,,,,,,,,,,,,,,,,,,,,,,,,,,,,,,,
ETMPZ30gx24,Product,Pizza Spice Blend Tayeb 30 G,30 G X 24,acbaa7_63d1259be3d54f8c9a2399c7e764cfb7~mv2.jpg,TAYEB Brand;Wholesale Orders,ETMPZ30gx24,,0.0,,true,PERCENT,0.0,InStock,,,,,,,,,,,,,,,,,,,,,,,,,,,,,,,,,,,,,,,
ETMRH70gx24,Product,Ras El Hanout Spice Blend Tayeb 70 G,70 G X 24,acbaa7_0f36c8f3d87a4b4382de2b7674e2a777~mv2.jpg,TAYEB Brand;Wholesale Orders,ETMRH70gx24,,0.0,,true,PERCENT,0.0,InStock,,,,,,,,,,,,,,,,,,,,,,,,,,,,,,,,,,,,,,,
ETMTG70gx24,Product,Tagine Spice Blend Tayeb 70 G,70 G X 24,,TAYEB Brand;Wholesale Orders,ETMTG70gx24,,0.0,,true,PERCENT,0.0,InStock,,,,,,,,,,,,,,,,,,,,,,,,,,,,,,,,,,,,,,,
ETORG15gx24,Product,Oregano Tayeb 15 G,15 G X 24,acbaa7_7c86c1819a62417da9d5b3f57206795a~mv2.jpg,TAYEB Brand;Wholesale Orders,ETORG15gx24,,0.0,,true,PERCENT,0.0,InStock,,,,,,,,,,,,,,,,,,,,,,,,,,,,,,,,,,,,,,,
ETPK70gx24,Product,Paprika Tayeb 70g,70 G X 24,acbaa7_a619ce58bb914606a8d02b278a71193a~mv2.jpg,TAYEB Brand;Wholesale Orders,ETPK70gx24,,0.0,,true,PERCENT,0.0,InStock,,,,,,,,,,,,,,,,,,,,,,,,,,,,,,,,,,,,,,,
ETPNM50gx24,Product,Ground Black Pepper Tayeb 50 G,50 G X 24,68c626_89e9f41b40ab4a00bedb3d75a65c4b2e~mv2.png,TAYEB Brand;Wholesale Orders,ETPNM50gx24,,0.0,,true,PERCENT,0.0,InStock,,,,,,,,,,,,,,,,,,,,,,,,,,,,,,,,,,,,,,,
ETTHG30gx24,Product,Thyme Tayeb 30g,30 G X 24,68c626_89e9f41b40ab4a00bedb3d75a65c4b2e~mv2.png,TAYEB Brand;Wholesale Orders,ETTHG30gx24,,0.0,,true,PERCENT,0.0,InStock,,,,,,,,,,,,,,,,,,,,,,,,,,,,,,,,,,,,,,,
FBD80,Product,Spring Roll Pastry Diouile 10s X 80,10 Feuiles X 80,,Pastry Preparation;Wholesale Orders,FBD80,,0.0,,true,PERCENT,0.0,InStock,,,,,,,,,,,,,,,,,,,,,,,,,,,,,,,,,,,,,,,
FBN50,Product,Spring Roll Pastry Naima 268 G,10 Feuilles X 50,acbaa7_6a18e8406ba04bb38be79b3923e914fb~mv2.jpg,Pastry Preparation;Wholesale Orders,FBN50,,0.0,,true,PERCENT,0.0,InStock,,,,,,,,,,,,,,,,,,,,,,,,,,,,,,,,,,,,,,,
FBT100,Product,Spring Roll Pastry (malsouka) Tayeb 170 G,10 Feuilles X 100,,Pastry Preparation;Wholesale Orders,FBT100,,0.0,,true,PERCENT,0.0,InStock,,,,,,,,,,,,,,,,,,,,,,,,,,,,,,,,,,,,,,,
FDCH,Product,Delicio Chocolate Custard,4 Portions X 48,acbaa7_f0a5fc69772f4beeab772130fac6be2c~mv2.jpg,Custards (1 Portion);Wholesale Orders,FDCH,,0.0,,true,PERCENT,0.0,InStock,,,,,,,,,,,,,,,,,,,,,,,,,,,,,,,,,,,,,,,
FDCH4,Product,Delicio Chocolate Custard,4 Portions X 48,acbaa7_f0a5fc69772f4beeab772130fac6be2c~mv2.jpg,Custards (4 Portions);Wholesale Orders,FDCH4,,0.0,,true,PERCENT,0.0,InStock,,,,,,,,,,,,,,,,,,,,,,,,,,,,,,,,,,,,,,,
FDO,Product,Delicio Eggs Custard,4 Portions X 48,acbaa7_a108d48959ab4ba4bbd3dfc313f12624~mv2.jpg,Custards (1 Portion);Wholesale Orders,FDO,,0.0,,true,PERCENT,0.0,InStock,,,,,,,,,,,,,,,,,,,,,,,,,,,,,,,,,,,,,,,
FDO4,Product,Delicio Eggs Custard,4 Portions X 48,acbaa7_a108d48959ab4ba4bbd3dfc313f12624~mv2.jpg,Custards (4 Portions);Wholesale Orders,FDO4,,0.0,,true,PERCENT,0.0,InStock,,,,,,,,,,,,,,,,,,,,,,,,,,,,,,,,,,,,,,,
FDS,Product,Delicio Semolina Custard,4 Portions X 48,acbaa7_fce4f4a955404f29b5dd878afa1f2a11~mv2.jpg,Custards (1 Portion);Wholesale Orders,FDS,,0.0,,true,PERCENT,0.0,InStock,,,,,,,,,,,,,,,,,,,,,,,,,,,,,,,,,,,,,,,
FDS4,Product,Delicio Semolina Custard,4 Portions X 48,acbaa7_fce4f4a955404f29b5dd878afa1f2a11~mv2.jpg,Custards (4 Portions);Wholesale Orders,FDS4,,0.0,,true,PERCENT,0.0,InStock,,,,,,,,,,,,,,,,,,,,,,,,,,,,,,,,,,,,,,,
FDV,Product,Delicio Vanilla Custard,4 Portions X 48,acbaa7_440aca72370e4237a8f2880561c31376~mv2.jpg,Custards (1 Portion);Wholesale Orders,FDV,,0.0,,true,PERCENT,0.0,InStock,,,,,,,,,,,,,,,,,,,,,,,,,,,,,,,,,,,,,,,
FDV4,Product,Delicio Vanilla Custard,4 Portions X 48,acbaa7_440aca72370e4237a8f2880561c31376~mv2.jpg,Custards (4 Portions);Wholesale Orders,FDV4,,0.0,,true,PERCENT,0.0,InStock,,,,,,,,,,,,,,,,,,,,,,,,,,,,,,,,,,,,,,,
FH24,Product,La Hollandaise 24p,24p X 32,acbaa7_0411e099a6e14a55a77291a1bd831b8d~mv2.jpg,Others;Wholesale Orders,FH24,,0.0,,true,PERCENT,0.0,InStock,,,,,,,,,,,,,,,,,,,,,,,,,,,,,,,,,,,,,,,
FIB,Product,Ideal Banana Custard,4 Portions X 64,acbaa7_c19b858944eb45dfb9fe63ac74aac76a~mv2.jpg,Custards (1 Portion);Wholesale Orders,FIB,,0.0,,true,PERCENT,0.0,InStock,,,,,,,,,,,,,,,,,,,,,,,,,,,,,,,,,,,,,,,
FIB4,Product,Ideal Banana Custard,4 Portions X 64,acbaa7_c19b858944eb45dfb9fe63ac74aac76a~mv2.jpg,Custards (4 Portions);Wholesale Orders,FIB4,,0.0,,true,PERCENT,0.0,InStock,,,,,,,,,,,,,,,,,,,,,,,,,,,,,,,,,,,,,,,
FIC,Product,Ideal Caramel Custard,4 Portions X 64,acbaa7_ceb0e6905f6e4c97b34fc02f4208f110~mv2.jpg,Custards (1 Portion);Wholesale Orders,FIC,,0.0,,true,PERCENT,0.0,InStock,,,,,,,,,,,,,,,,,,,,,,,,,,,,,,,,,,,,,,,
FIC4,Product,Ideal Caramel Custard,4 Portions X 64,acbaa7_ceb0e6905f6e4c97b34fc02f4208f110~mv2.jpg,Custards (4 Portions);Wholesale Orders,FIC4,,0.0,,true,PERCENT,0.0,InStock,,,,,,,,,,,,,,,,,,,,,,,,,,,,,,,,,,,,,,,
FICC,Product,Ideal Chocolate Caramel Cream Custard,4 Portions X 64,acbaa7_6bd024a222cd4b8c8da3a4741670b7d1~mv2.jpg,Custards (1 Portion);Wholesale Orders,FICC,,0.0,,true,PERCENT,0.0,InStock,,,,,,,,,,,,,,,,,,,,,,,,,,,,,,,,,,,,,,,
FICH,Product,Ideal Chocolate Custard,4 Portions X 64,acbaa7_9909e12fd2b84d44bcc05c9a67b80742~mv2.jpg,Custards (1 Portion);Wholesale Orders,FICH,,0.0,,true,PERCENT,0.0,InStock,,,,,,,,,,,,,,,,,,,,,,,,,,,,,,,,,,,,,,,
FICN,Product,Ideal Chocolate Hazelnut Custard,4 Portions X 64,acbaa7_58215ec9710746c48ec1eb2ee4e7d07c~mv2.jpg,Custards (1 Portion);Wholesale Orders,FICN,,0.0,,true,PERCENT,0.0,InStock,,,,,,,,,,,,,,,,,,,,,,,,,,,,,,,,,,,,,,,
FICN4,Product,Ideal Chocolate Hazelnut Custard,4 Portions X 64,acbaa7_58215ec9710746c48ec1eb2ee4e7d07c~mv2.jpg,Custards (4 Portions);Wholesale Orders,FICN4,,0.0,,true,PERCENT,0.0,InStock,,,,,,,,,,,,,,,,,,,,,,,,,,,,,,,,,,,,,,,
FICP,Product,Ideal Cappuchino Custard,4 Portions X 64,acbaa7_8a45618241694ea3b4d070ea53b11e5f~mv2.jpg,Custards (1 Portion);Wholesale Orders,FICP,,0.0,,true,PERCENT,0.0,InStock,,,,,,,,,,,,,,,,,,,,,,,,,,,,,,,,,,,,,,,
FICP4,Product,Ideal Cappuchino Custard,4 Portions X 64,acbaa7_8a45618241694ea3b4d070ea53b11e5f~mv2.jpg,Custards (4 Portions);Wholesale Orders,FICP4,,0.0,,true,PERCENT,0.0,InStock,,,,,,,,,,,,,,,,,,,,,,,,,,,,,,,,,,,,,,,
FIF,Product,Ideal Strawberry Custard,4 Portions X 64,acbaa7_39136059ddf141c3b72e5c5d7b737028~mv2.jpg,Custards (1 Portion);Wholesale Orders,FIF,,0.0,,true,PERCENT,0.0,InStock,,,,,,,,,,,,,,,,,,,,,,,,,,,,,,,,,,,,,,,
FIF4,Product,Ideal Strawberry Custard,4 Portions X 64,acbaa7_39136059ddf141c3b72e5c5d7b737028~mv2.jpg,Custards (4 Portions);Wholesale Orders,FIF4,,0.0,,true,PERCENT,0.0,InStock,,,,,,,,,,,,,,,,,,,,,,,,,,,,,,,,,,,,,,,Nice
FIR,Product,Ideal Raib Custard,1 Portions X 64,acbaa7_934810b706ba4074b80f2aec1b037207~mv2.jpg,Custards (1 Portion);Wholesale Orders,FIR,,0.0,,true,PERCENT,0.0,InStock,,,,,,,,,,,,,,,,,,,,,,,,,,,,,,,,,,,,,,,Bananas
FIR4,Product,Ideal Raib Custard,4 Portions X 64,acbaa7_934810b706ba4074b80f2aec1b037207~mv2.jpg,Custards (4 Portions);Wholesale Orders,FIR4,,0.0,,true,PERCENT,0.0,InStock,,,,,,,,,,,,,,,,,,,,,,,,,,,,,,,,,,,,,,,
FIV,Product,Ideal Vanilla Custard,4 Portions X 64,acbaa7_e3a30ea4fbcc4195859ad7cc4c565175~mv2.jpg,Custards (1 Portion);Wholesale Orders,FIV,,0.0,,true,PERCENT,0.0,InStock,,,,,,,,,,,,,,,,,,,,,,,,,,,,,,,,,,,,,,,
GHJOx24,Product,Hammam Gloves Jardin D'olean,1 X 24,acbaa7_e94410cf60c24d46935ec754dab05c89~mv2.jpg,Body Care;Wholesale Orders,GHJOx24,,0.0,,true,PERCENT,0.0,InStock,,,,,,,,,,,,,,,,,,,,,,,,,,,,,,,,,,,,,,,Nice
GS40,Product,Guessaa 40 Cm,Chaque,acbaa7_9bb7457480094096b3f20b2e85fb621d~mv2.jpg,Kitchen items;Wholesale Orders,GS40,,0.0,,true,PERCENT,0.0,InStock,,,,,,,,,,,,,,,,,,,,,,,,,,,,,,,,,,,,,,,
GS45,Product,Guessaa 45 Cm,Chaque,,Kitchen items;Wholesale Orders,GS45,,0.0,,true,PERCENT,0.0,InStock,,,,,,,,,,,,,,,,,,,,,,,,,,,,,,,,,,,,,,,
GSA50,Product,Guesaa 50 Cm,Chaque,,Kitchen items;Wholesale Orders,GSA50,,0.0,,true,PERCENT,0.0,InStock,,,,,,,,,,,,,,,,,,,,,,,,,,,,,,,,,,,,,,,
GSD40,Product,Guesaa 40 Cm,Chaque,acbaa7_01dc5c549fd247b495a6bc4b8efb7607~mv2.jpg,Kitchen items;Wholesale Orders,GSD40,,0.0,,true,PERCENT,0.0,InStock,,,,,,,,,,,,,,,,,,,,,,,,,,,,,,,,,,,,,,,
GSD45,Product,Guesaa 45 Cm,Chaque,,Kitchen items;Wholesale Orders,GSD45,,0.0,,true,PERCENT,0.0,InStock,,,,,,,,,,,,,,,,,,,,,,,,,,,,,,,,,,,,,,,
GSD50,Product,Guessaa 50 Cm,Chaque,,Kitchen items;Wholesale Orders,GSD50,,0.0,,true,PERCENT,0.0,InStock,,,,,,,,,,,,,,,,,,,,,,,,,,,,,,,,,,,,,,,
HAN,Product,Anis Talmest 50g,50g X 50,acbaa7_b50a7d17432a4d98ade9592ae551e66c~mv2.jpg,Sauces Spice & Herbs;Wholesale Orders,HAN,,0.0,,true,PERCENT,0.0,InStock,,,,,,,,,,,,,,,,,,,,,,,,,,,,,,,,,,,,,,,
HARCD125,Product,Argan Oil Pure 125ml Dermagan,125ml X 12,68c626_dc9aab7f1204462a8cf1c19a2cf30853~mv2.jpg,Others;Wholesale Orders,HARCD125,,0.0,,true,PERCENT,0.0,InStock,,,,,,,,,,,,,,,,,,,,,,,,,,,,,,,,,,,,,,,
HARG250ml,Product,Argan Oil Pure 250ml Huilargan,250ml X 12,68c626_d839a27cc7df42ef91d0b93267ec9363~mv2.jpg,Others;Wholesale Orders,HARG250ml,,0.0,,true,PERCENT,0.0,InStock,,,,,,,,,,,,,,,,,,,,,,,,,,,,,,,,,,,,,,,
HARS12,Product,Harissa Marocaine Oualili 12 Kg (seau),12kg X 1,acbaa7_be21ee393678461ba7c27790f378314f~mv2.jpg,Sauces Spice & Herbs;Wholesale Orders,HARS12,,0.0,,true,PERCENT,0.0,InStock,,,,,,,,,,,,,,,,,,,,,,,,,,,,,,,,,,,,,,,
HARS37,Product,Harissa Marocaine Oualili 320 G X 12,340g X 12,68c626_4010214cf00c40f68c065cf4607c7598~mv2.png,Sauces Spice & Herbs;Wholesale Orders,HARS37,,0.0,,true,PERCENT,0.0,InStock,,,,,,,,,,,,,,,,,,,,,,,,,,,,,,,,,,,,,,,
HC,Product,Caraway Talmest 50g,50g X 40,,Herbs & Spices;Wholesale Orders,HC,,0.0,,true,PERCENT,0.0,InStock,,,,,,,,,,,,,,,,,,,,,,,,,,,,,,,,,,,,,,,
HCAB60ml,Product,Cosmetic Oil - Apricot,60ml X 15,acbaa7_3413d2f1adee4d0697580744ab5e37f0~mv2.jpg,Body Care;Wholesale Orders,HCAB60ml,,0.0,,true,PERCENT,0.0,InStock,,,,,,,,,,,,,,,,,,,,,,,,,,,,,,,,,,,,,,,
HCAD60ml,Product,Cosmetic Oil - Almond,60ml X 15,acbaa7_923a300ac2984b1a81d3f8ddaa092edf~mv2.jpg,Body Care;Wholesale Orders,HCAD60ml,,0.0,,true,PERCENT,0.0,InStock,,,,,,,,,,,,,,,,,,,,,,,,,,,,,,,,,,,,,,,
HCAIL60ml,Product,Cosmetic Oil - Garlic,60ml X 15,acbaa7_dfe87fdc4a2e44b98794e4838f0f7792~mv2.jpg,Body Care;Wholesale Orders,HCAIL60ml,,0.0,,true,PERCENT,0.0,InStock,,,,,,,,,,,,,,,,,,,,,,,,,,,,,,,,,,,,,,,
HCALV60ml,Product,Cosmetic Oil - Aloe Vera,60ml X 15,68c626_6541413428d24e1a9b3b1f2a5c3c3dd5~mv2.jpg,Body Care;Wholesale Orders,HCALV60ml,,0.0,,true,PERCENT,0.0,InStock,,,,,,,,,,,,,,,,,,,,,,,,,,,,,,,,,,,,,,,
HCAPP60ml,Product,Cosmetic Oil - Argan First Pressure,60ml X 15,68c626_ff55f2b67f5f4ca99d7fd080636b255e~mv2.jpg,Body Care;Wholesale Orders,HCAPP60ml,,0.0,,true,PERCENT,0.0,InStock,,,,,,,,,,,,,,,,,,,,,,,,,,,,,,,,,,,,,,,
HCARG60ml,Product,Cosmetic Oil - Roasted Argan,60ml X 15,acbaa7_a01796f03e7a43b8864988481221dc4d~mv2.jpg,Body Care;Wholesale Orders,HCARG60ml,,0.0,,true,PERCENT,0.0,InStock,,,,,,,,,,,,,,,,,,,,,,,,,,,,,,,,,,,,,,,
HCAVC60ml,Product,Cosmetic Oil - Avocado,60ml X 15,68c626_5f96f25b01b04433882c4736d6c98f69~mv2.jpg,Body Care;Wholesale Orders,HCAVC60ml,,0.0,,true,PERCENT,0.0,InStock,,,,,,,,,,,,,,,,,,,,,,,,,,,,,,,,,,,,,,,
HCCOC60ml,Product,Cosmetic Oil - Coconut,60ml X 15,acbaa7_b193b7662b6a4093a31f431979c1486c~mv2.jpg,Body Care;Wholesale Orders,HCCOC60ml,,0.0,,true,PERCENT,0.0,InStock,,,,,,,,,,,,,,,,,,,,,,,,,,,,,,,,,,,,,,,
HCCRT60ml,Product,Cosmetic Oil - Carrot,60ml X 15,68c626_9d89bebc7c884297bd7ff2493e560709~mv2.jpg,Body Care;Wholesale Orders,HCCRT60ml,,0.0,,true,PERCENT,0.0,InStock,,,,,,,,,,,,,,,,,,,,,,,,,,,,,,,,,,,,,,,
HCGB60ml,Product,Cosmetic Oil - Wheat Germ,60ml X 15,acbaa7_1ef2c81ed83444d29b84ecc0cdf41c2a~mv2.jpg,Body Care;Wholesale Orders,HCGB60ml,,0.0,,true,PERCENT,0.0,InStock,,,,,,,,,,,,,,,,,,,,,,,,,,,,,,,,,,,,,,,
HCKRT60ml,Product,Cosmetic Oil - Shea,60ml X 15,acbaa7_29c3f12414ac436a83a782e17d082273~mv2.jpg,Body Care;Wholesale Orders,HCKRT60ml,,0.0,,true,PERCENT,0.0,InStock,,,,,,,,,,,,,,,,,,,,,,,,,,,,,,,,,,,,,,,
HCMCD60ml,Product,Cosmetic Oil - Macadamia,60ml X 15,acbaa7_6850cd6b14e74262b593bc25c001f909~mv2.jpg,Body Care;Wholesale Orders,HCMCD60ml,,0.0,,true,PERCENT,0.0,InStock,,,,,,,,,,,,,,,,,,,,,,,,,,,,,,,,,,,,,,,
HCNST60ml,Product,Cosmetic Oil - Hazelnut,60ml X 15,acbaa7_f7c6a57d82404d65b61124e53ba9828e~mv2.jpg,Body Care;Wholesale Orders,HCNST60ml,,0.0,,true,PERCENT,0.0,InStock,,,,,,,,,,,,,,,,,,,,,,,,,,,,,,,,,,,,,,,
HCPR60ml,Product,Cosmetic Oil - Grape Seeds,60ml X 15,acbaa7_3c0b39ccaeb04486ae1f7ad75fe48402~mv2.jpg,Body Care;Wholesale Orders,HCPR60ml,,0.0,,true,PERCENT,0.0,InStock,,,,,,,,,,,,,,,,,,,,,,,,,,,,,,,,,,,,,,,
HCRC60ml,Product,Cosmetic Oil - Castor,60ml X 15,acbaa7_291e4f2dc1334e92b9a5cf8ccfdf66ea~mv2.jpg,Body Care;Wholesale Orders,HCRC60ml,,0.0,,true,PERCENT,0.0,InStock,,,,,,,,,,,,,,,,,,,,,,,,,,,,,,,,,,,,,,,
HCSSM60ml,Product,Cosmetic Oil - Sesame,60ml X 15,acbaa7_78d947781e9c4a959410b75de030cc32~mv2.jpg,Body Care;Wholesale Orders,HCSSM60ml,,0.0,,true,PERCENT,0.0,InStock,,,,,,,,,,,,,,,,,,,,,,,,,,,,,,,,,,,,,,,
HF,Product,Fennel Talmest 50g,50g X 50,acbaa7_f7db5ecdc7544f10a9578a9efe4d0d25~mv2.jpg,Sauces Spice & Herbs;Wholesale Orders,HF,,0.0,,true,PERCENT,0.0,InStock,,,,,,,,,,,,,,,,,,,,,,,,,,,,,,,,,,,,,,,
HFCB1/2,Product,Harissa Flamme Du Capbon 1/2 380g X 24,380g X 24,,Sauces & Harissa & Vinegar;Wholesale Orders,HFCB1/2,,0.0,,true,PERCENT,0.0,InStock,,,,,,,,,,,,,,,,,,,,,,,,,,,,,,,,,,,,,,,
HFCB1/6,Product,Harissa Flamme Du Capbon 1/6 135g X 48,135g X 48,,Sauces & Harissa & Vinegar;Wholesale Orders,HFCB1/6,,0.0,,true,PERCENT,0.0,InStock,,,,,,,,,,,,,,,,,,,,,,,,,,,,,,,,,,,,,,,
HFCB4/4,Product,Harissa Flamme Du Cap Bon 4/4 760g X 12,760g X 12,,Sauces & Harissa & Vinegar;Wholesale Orders,HFCB4/4,,0.0,,true,PERCENT,0.0,InStock,,,,,,,,,,,,,,,,,,,,,,,,,,,,,,,,,,,,,,,
HFCBT70g,Product,Harissa Flamme Du Cap Bon Tube 70 G,70g X 48,,Sauces & Harissa & Vinegar;Wholesale Orders,HFCBT70g,,0.0,,true,PERCENT,0.0,InStock,,,,,,,,,,,,,,,,,,,,,,,,,,,,,,,,,,,,,,,
HFNG,Product,Fenugreek Talmest 200g,200g X 40,,Herbs & Spices;Wholesale Orders,HFNG,,0.0,,true,PERCENT,0.0,InStock,,,,,,,,,,,,,,,,,,,,,,,,,,,,,,,,,,,,,,,
HJ100,Product,Natural Henna Stain & Tattoo Tazrine,100g X 100,acbaa7_f167602cbe1442e28d46ef7d6953953f~mv2.jpg,Body Care;Wholesale Orders,HJ100,,0.0,,true,PERCENT,0.0,InStock,,,,,,,,,,,,,,,,,,,,,,,,,,,,,,,,,,,,,,,
HL,Product,Mugwort Talmest 50g,50g X 35,,Herbs & Spices;Wholesale Orders,HL,,0.0,,true,PERCENT,0.0,InStock,,,,,,,,,,,,,,,,,,,,,,,,,,,,,,,,,,,,,,,
HLVM50gr,Product,Lavender Of Morocco Talmest 50g,50g X 50,acbaa7_c97aa47aa0ef47a4a670154dfad9bca5~mv2.jpg,Sauces Spice & Herbs;Wholesale Orders,HLVM50gr,,0.0,,true,PERCENT,0.0,InStock,,,,,,,,,,,,,,,,,,,,,,,,,,,,,,,,,,,,,,,
HMBQ,Product,Dried Mint Bunch Rasilah 40g,40g X 24,acbaa7_c4dd9eb6f76b4804820df9e09feb552f~mv2.jpg,Sauces Spice & Herbs;Wholesale Orders,HMBQ,,0.0,,true,PERCENT,0.0,InStock,,,,,,,,,,,,,,,,,,,,,,,,,,,,,,,,,,,,,,,
HMF50g,Product,Dried Mint Leaves Talmest 50gx24,50g X 24,,Herbs & Spices;Wholesale Orders,HMF50g,,0.0,,true,PERCENT,0.0,InStock,,,,,,,,,,,,,,,,,,,,,,,,,,,,,,,,,,,,,,,
HMP,Product,Pennyroyal Talmest 50g,50g X 40,,Herbs & Spices;Wholesale Orders,HMP,,0.0,,true,PERCENT,0.0,InStock,,,,,,,,,,,,,,,,,,,,,,,,,,,,,,,,,,,,,,,
HMPV50g,Product,Dried Mint Leaves Talmest 50gx48,50g X 48,acbaa7_20181806094b498dadae2bfa29872c68~mv2.jpg,Sauces Spice & Herbs;Wholesale Orders,HMPV50g,,0.0,,true,PERCENT,0.0,InStock,,,,,,,,,,,,,,,,,,,,,,,,,,,,,,,,,,,,,,,
HN,Product,Nigele Talmest 100g X 30,100g X 30,acbaa7_38ca4525d7e742c4af3e7cbd1218bf96~mv2.jpg,Sauces Spice & Herbs;Wholesale Orders,HN,,0.0,,true,PERCENT,0.0,InStock,,,,,,,,,,,,,,,,,,,,,,,,,,,,,,,,,,,,,,,
HOEV1/2,Product,Extra Virgin Olive Oil El Ouazzania 500 Ml,500ml X 12,,Olive Oil El Ouazzania;Wholesale Orders,HOEV1/2,,0.0,,true,PERCENT,0.0,InStock,,,,,,,,,,,,,,,,,,,,,,,,,,,,,,,,,,,,,,,
HOR,Product,Oregano Talmest 50g,50g X 40,acbaa7_70a855042d9449d482e7b07024527839~mv2.jpg,Sauces Spice & Herbs;Wholesale Orders,HOR,,0.0,,true,PERCENT,0.0,InStock,,,,,,,,,,,,,,,,,,,,,,,,,,,,,,,,,,,,,,,
HOV1/2,Product,Virgin Olive Oil El Ouazzania 500ml,500ml X 30,,Olive Oil El Ouazzania;Wholesale Orders,HOV1/2,,0.0,,true,PERCENT,0.0,InStock,,,,,,,,,,,,,,,,,,,,,,,,,,,,,,,,,,,,,,,
HRM,Product,Rosemary Talmest 50g,50g X 30,acbaa7_63464f53c99348bfa1e177a2778b11f7~mv2.jpg,Sauces Spice & Herbs;Wholesale Orders,HRM,,0.0,,true,PERCENT,0.0,InStock,,,,,,,,,,,,,,,,,,,,,,,,,,,,,,,,,,,,,,,
HSG,Product,Sage Talmest 50g,50g X 40,acbaa7_8676a8caee6f407f9c4b38461f41a1ea~mv2.jpg,Sauces Spice & Herbs;Wholesale Orders,HSG,,0.0,,true,PERCENT,0.0,InStock,,,,,,,,,,,,,,,,,,,,,,,,,,,,,,,,,,,,,,,
HSRG,Product,Sorghum Talmest 200g (Argan),200g X 50,,Oil;Wholesale Orders,HSRG,,0.0,,true,PERCENT,0.0,InStock,,,,,,,,,,,,,,,,,,,,,,,,,,,,,,,,,,,,,,,
HT,Product,Thyme Talmest 50g,50g X 30,,Sauces Spice & Herbs;Wholesale Orders,HT,,0.0,,true,PERCENT,0.0,InStock,,,,,,,,,,,,,,,,,,,,,,,,,,,,,,,,,,,,,,,
HV100g,Product,Naturel Henna For Hair Tazrine,100g X 100,acbaa7_269ad1bd08d64ad3a4bd501a871dfa7c~mv2.jpg,Body Care;Wholesale Orders,HV100g,,0.0,,true,PERCENT,0.0,InStock,,,,,,,,,,,,,,,,,,,,,,,,,,,,,,,,,,,,,,,
JVA1,Product,Pineapple Nectar Valencia 1l,1l X 12,acbaa7_13c8c085db794c0bb8cc7fe824935aa8~mv2.jpg,Drinks;Wholesale Orders,JVA1,,0.0,,true,PERCENT,0.0,InStock,,,,,,,,,,,,,,,,,,,,,,,,,,,,,,,,,,,,,,,
JVECG1L,Product,Essential Valencia Lemon-ginger 1l,1l X 12,acbaa7_486ed7a6475d49cb882398cf1a660c69~mv2.jpg,Drinks;Wholesale Orders,JVECG1L,,0.0,,true,PERCENT,0.0,InStock,,,,,,,,,,,,,,,,,,,,,,,,,,,,,,,,,,,,,,,
JVEFR1L,Product,Essential Valencia Red Fruits 1l,1l X 12,acbaa7_9f2a7d830e644bd1b291e301de94a876~mv2.jpg,Drinks;Wholesale Orders,JVEFR1L,,0.0,,true,PERCENT,0.0,InStock,,,,,,,,,,,,,,,,,,,,,,,,,,,,,,,,,,,,,,,
JVEG1L,Product,Essential Valencia Pomegranate 1l,1l X 12,acbaa7_dcf58a220113476eba1407e0d2204b1b~mv2.jpg,Drinks;Wholesale Orders,JVEG1L,,0.0,,true,PERCENT,0.0,InStock,,,,,,,,,,,,,,,,,,,,,,,,,,,,,,,,,,,,,,,
JVEK1L,Product,Essential Valencia Kiwi 1l,1l X 12,acbaa7_84f3699a49d740888213c719fe3e90eb~mv2.jpg,Drinks;Wholesale Orders,JVEK1L,,0.0,,true,PERCENT,0.0,InStock,,,,,,,,,,,,,,,,,,,,,,,,,,,,,,,,,,,,,,,
JVEP1L,Product,Essential Valencia Pear 1l,1l X 12,acbaa7_64dad82d027e41d68bbe272b46e5f055~mv2.jpg,Drinks;Wholesale Orders,JVEP1L,,0.0,,true,PERCENT,0.0,InStock,,,,,,,,,,,,,,,,,,,,,,,,,,,,,,,,,,,,,,,
JVEPC1,Product,Essential Valencia Pina Colada 1l,1l X 12,acbaa7_b4339077dc7349c58a3eee455c2d6cb8~mv2.jpg,Drinks;Wholesale Orders,JVEPC1,,0.0,,true,PERCENT,0.0,InStock,,,,,,,,,,,,,,,,,,,,,,,,,,,,,,,,,,,,,,,
JVERR1L,Product,Essential Valencia Red Grape 1l,1l X 12,acbaa7_13c34aa238cc40a3b66bb65b92d9b6c2~mv2.jpg,Drinks;Wholesale Orders,JVERR1L,,0.0,,true,PERCENT,0.0,InStock,,,,,,,,,,,,,,,,,,,,,,,,,,,,,,,,,,,,,,,
JVM1,Product,Mango Nectar Valencia 1l,1l X 12,acbaa7_d3d279c2eb7d46c085b63fe7eb58496d~mv2.jpg,Drinks;Wholesale Orders,JVM1,,0.0,,true,PERCENT,0.0,InStock,,,,,,,,,,,,,,,,,,,,,,,,,,,,,,,,,,,,,,,
JVO1,Product,Orange Nectar Valencia 1l,1l X 12,acbaa7_447758f7d24a487cbc053306aef581e6~mv2.jpg,Drinks;Wholesale Orders,JVO1,,0.0,,true,PERCENT,0.0,InStock,,,,,,,,,,,,,,,,,,,,,,,,,,,,,,,,,,,,,,,
JVOM1,Product,Orange-mango Nectar Valencia 1l,1l X 12,acbaa7_5420f5cc089a479d961e70ee0eceeff9~mv2.jpg,Drinks;Wholesale Orders,JVOM1,,0.0,,true,PERCENT,0.0,InStock,,,,,,,,,,,,,,,,,,,,,,,,,,,,,,,,,,,,,,,
JVP1,Product,Peach Nectar Valencia 1l,1l X 12,acbaa7_d9d31aa265224774b49d2c83d5f71a81~mv2.jpg,Drinks;Wholesale Orders,JVP1,,0.0,,true,PERCENT,0.0,InStock,,,,,,,,,,,,,,,,,,,,,,,,,,,,,,,,,,,,,,,
JVPN1,Product,Tropical Nectar 7 Fruits Valencia 1l,1l X 12,acbaa7_75132b2fb301424a94b2c74718941e9d~mv2.jpg,Drinks;Wholesale Orders,JVPN1,,0.0,,true,PERCENT,0.0,InStock,,,,,,,,,,,,,,,,,,,,,,,,,,,,,,,,,,,,,,,
LCI,Product,Baking Powder Ideal 80g,80g X 48,acbaa7_de6b097398644276995e4d47e1a998ab~mv2.jpg,Pastry Preparation;Wholesale Orders,LCI,,0.0,,true,PERCENT,0.0,InStock,,,,,,,,,,,,,,,,,,,,,,,,,,,,,,,,,,,,,,,
LCM,Product,Cooking Books,Chaque/each,acbaa7_a97d332a629345e3b6e231381f9d011d~mv2.jpg,Others;Wholesale Orders,LCM,,0.0,,true,PERCENT,0.0,InStock,,,,,,,,,,,,,,,,,,,,,,,,,,,,,,,,,,,,,,,
LIB125g,Product,Instant Yeast Bravo 125g X 24,125g X 24,acbaa7_8f28c55504034278ae01bdef45561221~mv2.jpg,Pastry Preparation;Wholesale Orders,LIB125g,,0.0,,true,PERCENT,0.0,InStock,,,,,,,,,,,,,,,,,,,,,,,,,,,,,,,,,,,,,,,
LIB450g,Product,Instant Yeast Bravo 450g X 20,450g X 20,acbaa7_35ccb7c72c5d4006a04562edf5ce4b97~mv2.jpg,Pastry Preparation;Wholesale Orders,LIB450g,,0.0,,true,PERCENT,0.0,InStock,,,,,,,,,,,,,,,,,,,,,,,,,,,,,,,,,,,,,,,
LTD500,Product,Pasta Bird Tongue Dari 500g,500g X 16,acbaa7_d39914f238614f118993f2d2920d11e1~mv2.jpg,Couscous & Pasta;Wholesale Orders,LTD500,,0.0,,true,PERCENT,0.0,InStock,,,,,,,,,,,,,,,,,,,,,,,,,,,,,,,,,,,,,,,
MD500,Product,Pasta Small Lead Dari 500g,500g X 16,acbaa7_afa0d0a58a4841148ad20285e5b712a5~mv2.jpg,Couscous & Pasta;Wholesale Orders,MD500,,0.0,,true,PERCENT,0.0,InStock,,,,,,,,,,,,,,,,,,,,,,,,,,,,,,,,,,,,,,,
MI180,Product,Cornstarch Mayfine Ideal 180g,180g X 18,acbaa7_9ac2a3b587b44fc8a46a94aa0e7a7f7c~mv2.jpg,Pastry Preparation;Wholesale Orders,MI180,,0.0,,true,PERCENT,0.0,InStock,,,,,,,,,,,,,,,,,,,,,,,,,,,,,,,,,,,,,,,
MT1237,Product,Mustard 330 Ml,330ml X 12,acbaa7_399a93e9eb55456e8829d1f8018bd009~mv2.jpg,Sauces Spice & Herbs;Wholesale Orders,MT1237,,0.0,,true,PERCENT,0.0,InStock,,,,,,,,,,,,,,,,,,,,,,,,,,,,,,,,,,,,,,,
MT1kg,Product,100 % Pure Honey Tayeb 1kg,1kg X 6,acbaa7_9292d7ea960b45cf898958ab2e7a48c7~mv2.jpg,TAYEB Brand;Wholesale Orders,MT1kg,,0.0,,true,PERCENT,0.0,InStock,,,,,,,,,,,,,,,,,,,,,,,,,,,,,,,,,,,,,,,
MT2kg,Product,100 % Pure Honey Tayeb 2kg,2kg X 4,acbaa7_56d9bd005dd24db7b0e9189c70634413~mv2.jpg,TAYEB Brand;Wholesale Orders,MT2kg,,0.0,,true,PERCENT,0.0,InStock,,,,,,,,,,,,,,,,,,,,,,,,,,,,,,,,,,,,,,,
MT500g,Product,100 % Pure Honey Tayeb 500 G,500g X 12,acbaa7_689b4836391e43cb9b52e30dc8d43f54~mv2.jpg,TAYEB Brand;Wholesale Orders,MT500g,,0.0,,true,PERCENT,0.0,InStock,,,,,,,,,,,,,,,,,,,,,,,,,,,,,,,,,,,,,,,
O115P,Product,Morocolives Citrus Green Olives 12*1 Lbs,1 Lbs,68c626_78233590f8664a9c9c0bcc1e1d03238c~mv2.png,Olives;Morocolives ;Wholesale Orders,O115P,,0.0,,true,PERCENT,0.0,InStock,,,,,,,,,,,,,,,,,,,,,,,,,,,,,,,,,,,,,,,
O143Z,Product,Morocolives Whole Oil Cured Olives 19/21 4*10 Lbs,10 Lbs,68c626_78233590f8664a9c9c0bcc1e1d03238c~mv2.png,Olives;Morocolives ;Wholesale Orders,O143Z,,0.0,,true,PERCENT,0.0,InStock,,,,,,,,,,,,,,,,,,,,,,,,,,,,,,,,,,,,,,,
O193W,Product,Morocolives Pitted green olive 2*10 Lbs Bled,10 Lbs,68c626_78233590f8664a9c9c0bcc1e1d03238c~mv2.png,Olives;Morocolives ;Wholesale Orders,O193W,,0.0,,true,PERCENT,0.0,InStock,,,,,,,,,,,,,,,,,,,,,,,,,,,,,,,,,,,,,,,
O226K,Product,Morocolives Pitted Green Olives Bled 12*1 Lbs,1 Lbs,68c626_78233590f8664a9c9c0bcc1e1d03238c~mv2.png,Olives;Morocolives ;Wholesale Orders,O226K,,0.0,,true,PERCENT,0.0,InStock,,,,,,,,,,,,,,,,,,,,,,,,,,,,,,,,,,,,,,,
O238D,Product,Argan oil for food 4*5L,5L,,Oil;Wholesale Orders,O238D,,0.0,,true,PERCENT,0.0,InStock,,,,,,,,,,,,,,,,,,,,,,,,,,,,,,,,,,,,,,,
O256J,Product,MOG extra virgin oil Fruity (Dorica) 12*0.5l,5l,,Oil;Wholesale Orders,O256J,,0.0,,true,PERCENT,0.0,InStock,,,,,,,,,,,,,,,,,,,,,,,,,,,,,,,,,,,,,,,
O274U,Product,Morocolives Mediterranean Olives Mix 12*1 Lbs,1 Lbs,68c626_78233590f8664a9c9c0bcc1e1d03238c~mv2.png,Olives;Morocolives ;Wholesale Orders,O274U,,0.0,,true,PERCENT,0.0,InStock,,,,,,,,,,,,,,,,,,,,,,,,,,,,,,,,,,,,,,,
O297C,Product,Argan oil for food 15*250ml,250 Ml,,Oil;Wholesale Orders,O297C,,0.0,,true,PERCENT,0.0,InStock,,,,,,,,,,,,,,,,,,,,,,,,,,,,,,,,,,,,,,,
O2S,Product,MOG extra virgin oil Fruity TIN 4*3l,3l,,Oil;Wholesale Orders,O2S,,0.0,,true,PERCENT,0.0,InStock,,,,,,,,,,,,,,,,,,,,,,,,,,,,,,,,,,,,,,,
O310Q,Product,Morocolives Atlas Green Cracked Olives 12*1 Lbs PAIL,1PAIL,68c626_78233590f8664a9c9c0bcc1e1d03238c~mv2.png,Olives;Morocolives ;Wholesale Orders,O310Q,,0.0,,true,PERCENT,0.0,InStock,,,,,,,,,,,,,,,,,,,,,,,,,,,,,,,,,,,,,,,
O358O,Product,Morocolives giardinera 2.35  Kg,35 Kg,68c626_78233590f8664a9c9c0bcc1e1d03238c~mv2.png,Olives;Morocolives ;Wholesale Orders,O358O,,0.0,,true,PERCENT,0.0,InStock,,,,,,,,,,,,,,,,,,,,,,,,,,,,,,,,,,,,,,,
O403B,Product,Mignonette MOG Fruity EVO 20mm,20 MM,,Oil;Wholesale Orders,O403B,,0.0,,true,PERCENT,0.0,InStock,,,,,,,,,,,,,,,,,,,,,,,,,,,,,,,,,,,,,,,
O404X,Product,Morocolives Whole Green Olives 2*10 Lbs (Ble,10 Lbs,68c626_78233590f8664a9c9c0bcc1e1d03238c~mv2.png,Olives;Morocolives ;Wholesale Orders,O404X,,0.0,,true,PERCENT,0.0,InStock,,,,,,,,,,,,,,,,,,,,,,,,,,,,,,,,,,,,,,,
O408L,Product,Morocolives Whole green hot  pepper 2.35  Kg,35 Kg,68c626_78233590f8664a9c9c0bcc1e1d03238c~mv2.png,Olives;Morocolives ;Wholesale Orders,O408L,,0.0,,true,PERCENT,0.0,InStock,,,,,,,,,,,,,,,,,,,,,,,,,,,,,,,,,,,,,,,
O409J,Product,MOG extra virgin oil Bold (Dorica) 15*075l,075l,,Oil;Wholesale Orders,O409J,,0.0,,true,PERCENT,0.0,InStock,,,,,,,,,,,,,,,,,,,,,,,,,,,,,,,,,,,,,,,
O414I,Product,Morocolives Spicy Green Olives 2*10 Lbs,10 Lbs,68c626_78233590f8664a9c9c0bcc1e1d03238c~mv2.png,Olives;Morocolives ;Wholesale Orders,O414I,,0.0,,true,PERCENT,0.0,InStock,,,,,,,,,,,,,,,,,,,,,,,,,,,,,,,,,,,,,,,
O447Z,Product,Mignonette MOG Bold EVO 20mm,20 MM,,Oil;Wholesale Orders,O447Z,,0.0,,true,PERCENT,0.0,InStock,,,,,,,,,,,,,,,,,,,,,,,,,,,,,,,,,,,,,,,
O454M,Product,Morocolives Preserved lemons Bled 2*10 Lbs,10 Lbs,68c626_78233590f8664a9c9c0bcc1e1d03238c~mv2.png,Olives;Morocolives ;Wholesale Orders,O454M,,0.0,,true,PERCENT,0.0,InStock,,,,,,,,,,,,,,,,,,,,,,,,,,,,,,,,,,,,,,,
O469G,Product,Morocolives Atlas green cracked olives 2*10 Lbs,10 Lbs,68c626_78233590f8664a9c9c0bcc1e1d03238c~mv2.png,Olives;Morocolives ;Wholesale Orders,O469G,,0.0,,true,PERCENT,0.0,InStock,,,,,,,,,,,,,,,,,,,,,,,,,,,,,,,,,,,,,,,
O476N,Product,Morocolives Green Olives w/ Red Peppers 12*1 Lbs,1 Lbs,68c626_78233590f8664a9c9c0bcc1e1d03238c~mv2.png,Olives;Morocolives ;Wholesale Orders,O476N,,0.0,,true,PERCENT,0.0,InStock,,,,,,,,,,,,,,,,,,,,,,,,,,,,,,,,,,,,,,,
O490R,Product,Morocolives Preserved Lemons Morocolives  12*37cl,37 Cl,68c626_78233590f8664a9c9c0bcc1e1d03238c~mv2.png,Olives;Morocolives ;Wholesale Orders,O490R,,0.0,,true,PERCENT,0.0,InStock,,,,,,,,,,,,,,,,,,,,,,,,,,,,,,,,,,,,,,,
O491H,Product,MOG extra virgin oil Fruity (Dorica) 15*0.75l,75l,,Oil;Wholesale Orders,O491H,,0.0,,true,PERCENT,0.0,InStock,,,,,,,,,,,,,,,,,,,,,,,,,,,,,,,,,,,,,,,
O502J,Product,Al Maghribya Moroccan Extra Virgin Olive Oil 1l*15,<p>15 * 1L</p>,68c626_a92d9b030c31491bb6e9f3aa27fbab74~mv2.png,Olive Oil;Wholesale Orders,O502J,,0.0,,true,PERCENT,0.0,InStock,,,,,,,,,,,,,,,,,,,,,,,,,,,,,,,,,,,,,,,
O506J,Product,MOG extra virgin oil Bold TIN 4*3l,3l,,Oil;Wholesale Orders,O506J,,0.0,,true,PERCENT,0.0,InStock,,,,,,,,,,,,,,,,,,,,,,,,,,,,,,,,,,,,,,,
O556T,Product,Morocolives Galil Green Olives Stuffed w/ Peppers 2*10 Lbs,10 Lbs,68c626_78233590f8664a9c9c0bcc1e1d03238c~mv2.png,Olives;Morocolives ;Wholesale Orders,O556T,,0.0,,true,PERCENT,0.0,InStock,,,,,,,,,,,,,,,,,,,,,,,,,,,,,,,,,,,,,,,
O582U,Product,Morocolives Kalamata Sliced Olives 2*10 Lbs (Mabr),10 Lbs,68c626_78233590f8664a9c9c0bcc1e1d03238c~mv2.png,Olives;Morocolives ;Wholesale Orders,O582U,,0.0,,true,PERCENT,0.0,InStock,,,,,,,,,,,,,,,,,,,,,,,,,,,,,,,,,,,,,,,
O587X,Product,Morocolives Preserved lemons 12*1 Lbs,1 Lbs,68c626_78233590f8664a9c9c0bcc1e1d03238c~mv2.png,Olives;Morocolives ;Wholesale Orders,O587X,,0.0,,true,PERCENT,0.0,InStock,,,,,,,,,,,,,,,,,,,,,,,,,,,,,,,,,,,,,,,
O590X,Product,Morocolives Harissa Morocolives  12*37cl,37 Cl,68c626_78233590f8664a9c9c0bcc1e1d03238c~mv2.png,Olives;Morocolives ;Wholesale Orders,O590X,,0.0,,true,PERCENT,0.0,InStock,,,,,,,,,,,,,,,,,,,,,,,,,,,,,,,,,,,,,,,
O595W,Product,Morocolives Pitted Oil Cured Olives 4*10 Lbs,10 Lbs,68c626_78233590f8664a9c9c0bcc1e1d03238c~mv2.png,Olives;Morocolives ;Wholesale Orders,O595W,,0.0,,true,PERCENT,0.0,InStock,,,,,,,,,,,,,,,,,,,,,,,,,,,,,,,,,,,,,,,
O601P,Product,Al Maghribya Moroccan Extra Virgin Olive Oil 5l*4,4l,,Oil;Wholesale Orders,O601P,,0.0,,true,PERCENT,0.0,InStock,,,,,,,,,,,,,,,,,,,,,,,,,,,,,,,,,,,,,,,
O611C,Product,Morocolives Pitted mediterranean mix 2*10 Lbs,10 Lbs,68c626_78233590f8664a9c9c0bcc1e1d03238c~mv2.png,Olives;Morocolives ;Wholesale Orders,O611C,,0.0,,true,PERCENT,0.0,InStock,,,,,,,,,,,,,,,,,,,,,,,,,,,,,,,,,,,,,,,
O623M,Product,MOG extra virgin oil Bold (Dorica) 12*0.5l,5l,,Oil;Wholesale Orders,O623M,,0.0,,true,PERCENT,0.0,InStock,,,,,,,,,,,,,,,,,,,,,,,,,,,,,,,,,,,,,,,
O640M,Product,Morocolives pickled gherkins 2.35  Kg,35 Kg,68c626_78233590f8664a9c9c0bcc1e1d03238c~mv2.png,Olives;Morocolives ;Wholesale Orders,O640M,,0.0,,true,PERCENT,0.0,InStock,,,,,,,,,,,,,,,,,,,,,,,,,,,,,,,,,,,,,,,
O677D,Product,Morocolives Citrus Green Olives  2*10 Lbs,10 Lbs,68c626_78233590f8664a9c9c0bcc1e1d03238c~mv2.png,Olives;Morocolives ;Wholesale Orders,O677D,,0.0,,true,PERCENT,0.0,InStock,,,,,,,,,,,,,,,,,,,,,,,,,,,,,,,,,,,,,,,
O681B,Product,Morocolives Pitted Kalamata Olives 2*10 Lbs,10 Lbs,68c626_78233590f8664a9c9c0bcc1e1d03238c~mv2.png,Olives;Morocolives ;Wholesale Orders,O681B,,0.0,,true,PERCENT,0.0,InStock,,,,,,,,,,,,,,,,,,,,,,,,,,,,,,,,,,,,,,,
O692M,Product,Morocolives Whole Oil Cured Olives 4*10 Lbs 22/25,25 Lbs,68c626_78233590f8664a9c9c0bcc1e1d03238c~mv2.png,Olives;Morocolives ;Wholesale Orders,O692M,,0.0,,true,PERCENT,0.0,InStock,,,,,,,,,,,,,,,,,,,,,,,,,,,,,,,,,,,,,,,
O693R,Product,Morocolives Mediterranean Olives Mix 2*10 Lbs,10 Lbs,68c626_78233590f8664a9c9c0bcc1e1d03238c~mv2.png,Olives;Morocolives ;Wholesale Orders,O693R,,0.0,,true,PERCENT,0.0,InStock,,,,,,,,,,,,,,,,,,,,,,,,,,,,,,,,,,,,,,,
O722K,Product,Morocolives Moroccan Mix Olives 12*37cl,37 Cl,68c626_78233590f8664a9c9c0bcc1e1d03238c~mv2.png,Olives;Morocolives ;Wholesale Orders,O722K,,0.0,,true,PERCENT,0.0,InStock,,,,,,,,,,,,,,,,,,,,,,,,,,,,,,,,,,,,,,,
O727Q,Product,Morocolives Whole Kalamata Olives 16/18 2*10 Lbs,10 Lbs,68c626_78233590f8664a9c9c0bcc1e1d03238c~mv2.png,Olives;Morocolives ;Wholesale Orders,O727Q,,0.0,,true,PERCENT,0.0,InStock,,,,,,,,,,,,,,,,,,,,,,,,,,,,,,,,,,,,,,,
O770G,Product,Morocolives Whole kalamatta 12*1 Lbs,1 Lbs,68c626_78233590f8664a9c9c0bcc1e1d03238c~mv2.png,Olives;Morocolives ;Wholesale Orders,O770G,,0.0,,true,PERCENT,0.0,InStock,,,,,,,,,,,,,,,,,,,,,,,,,,,,,,,,,,,,,,,
O772B,Product,Abruzzo EVO 4*3L,3L,,Oil;Wholesale Orders,O772B,,0.0,,true,PERCENT,0.0,InStock,,,,,,,,,,,,,,,,,,,,,,,,,,,,,,,,,,,,,,,
O77W,Product,Argan oil for food 15*100ml,100 Ml,,Oil;Wholesale Orders,O77W,,0.0,,true,PERCENT,0.0,InStock,,,,,,,,,,,,,,,,,,,,,,,,,,,,,,,,,,,,,,,
O787T,Product,Mignonette Al Maghribya EVO 20mm,20 MM,,Oil;Wholesale Orders,O787T,,0.0,,true,PERCENT,0.0,InStock,,,,,,,,,,,,,,,,,,,,,,,,,,,,,,,,,,,,,,,
O794H,Product,Al Kalaa EVO 12*500ml E'',500E'',,Oil;Wholesale Orders,O794H,,0.0,,true,PERCENT,0.0,InStock,,,,,,,,,,,,,,,,,,,,,,,,,,,,,,,,,,,,,,,
O808T,Product,Morocolives Whole Atlas Green Olives 12*37cl,37 Cl,68c626_78233590f8664a9c9c0bcc1e1d03238c~mv2.png,Olives;Morocolives ;Wholesale Orders,O808T,,0.0,,true,PERCENT,0.0,InStock,,,,,,,,,,,,,,,,,,,,,,,,,,,,,,,,,,,,,,,
O840L,Product,Morocolives Whole Oil Cured Olives 10*1  Kg,1 Kg,68c626_78233590f8664a9c9c0bcc1e1d03238c~mv2.png,Olives;Morocolives ;Wholesale Orders,O840L,,0.0,,true,PERCENT,0.0,InStock,,,,,,,,,,,,,,,,,,,,,,,,,,,,,,,,,,,,,,,
O95P,Product,Morocolives Pitted Kalamata Olives  12*1 Lbs,1 Lbs,68c626_78233590f8664a9c9c0bcc1e1d03238c~mv2.png,Olives;Morocolives ;Wholesale Orders,O95P,,0.0,,true,PERCENT,0.0,InStock,,,,,,,,,,,,,,,,,,,,,,,,,,,,,,,,,,,,,,,
O964Z,Product,Morocolives Sliced Green Olives 12*1 Lbs,1 Lbs,68c626_78233590f8664a9c9c0bcc1e1d03238c~mv2.png,Olives;Morocolives ;Wholesale Orders,O964Z,,0.0,,true,PERCENT,0.0,InStock,,,,,,,,,,,,,,,,,,,,,,,,,,,,,,,,,,,,,,,
O96H,Product,Morocolives HARISSA  2*11 Lbs,11 Lbs,68c626_78233590f8664a9c9c0bcc1e1d03238c~mv2.png,Olives;Morocolives ;Wholesale Orders,O96H,,0.0,,true,PERCENT,0.0,InStock,,,,,,,,,,,,,,,,,,,,,,,,,,,,,,,,,,,,,,,
O977Q,Product,Morocolives Grilled Pitted Green Olives 12*1 Lbs with herbs,1 Lbs,68c626_78233590f8664a9c9c0bcc1e1d03238c~mv2.png,Olives;Morocolives ;Wholesale Orders,O977Q,,0.0,,true,PERCENT,0.0,InStock,,,,,,,,,,,,,,,,,,,,,,,,,,,,,,,,,,,,,,,
OFL6-72cl,Product,Stuffed Green Olives With Vegetables Oualili 400g,400g X 6,acbaa7_6624e948780146c2af1e7cf7da5eb3cb~mv2.jpg,Olives;Wholesale Orders,OFL6-72cl,,0.0,,true,PERCENT,0.0,InStock,,,,,,,,,,,,,,,,,,,,,,,,,,,,,,,,,,,,,,,
OFL8KG,Product,Stuffed Green Olives With Vegetables Oualili 8kg,8kg X 1,acbaa7_879977f1f43142cf93761a5608e234b6~mv2.jpg,Olives;Wholesale Orders,OFL8KG,,0.0,,true,PERCENT,0.0,InStock,,,,,,,,,,,,,,,,,,,,,,,,,,,,,,,,,,,,,,,
OM6-72cl,Product,Olives Msslala Oualili 400g,400g X 6,acbaa7_7f1193aa78d3423eacca565d836f59f0~mv2.jpg,Olives;Wholesale Orders,OM6-72cl,,0.0,,true,PERCENT,0.0,InStock,,,,,,,,,,,,,,,,,,,,,,,,,,,,,,,,,,,,,,,
OMO6-72cl,Product,Mixed Olives Oualili 400g,400g X 6,acbaa7_dd58c937414041cd92325eff040a22ce~mv2.jpg,Olives;Wholesale Orders,OMO6-72cl,,0.0,,true,PERCENT,0.0,InStock,,,,,,,,,,,,,,,,,,,,,,,,,,,,,,,,,,,,,,,
OMO8,Product,Mixed Olives Oualili 8kg,8kg X 1,acbaa7_f0effd8b8eeb4d08aefefc03690f2438~mv2.jpg,Olives;Wholesale Orders,OMO8,,0.0,,true,PERCENT,0.0,InStock,,,,,,,,,,,,,,,,,,,,,,,,,,,,,,,,,,,,,,,
ONFG6-72cl,Product,Black Olives (greek Style) 400g,400g X 6,acbaa7_56bdd86532e24139b0bed3cfe9c71ce0~mv2.jpg,Olives;Wholesale Orders,ONFG6-72cl,,0.0,,true,PERCENT,0.0,InStock,,,,,,,,,,,,,,,,,,,,,,,,,,,,,,,,,,,,,,,
OR6-72cl,Product,Red Olives Oualili 400g,400g X 6,acbaa7_2bbc336a39ac4536aaf54ca89fa2a7ed~mv2.jpg,Olives;Wholesale Orders,OR6-72cl,,0.0,,true,PERCENT,0.0,InStock,,,,,,,,,,,,,,,,,,,,,,,,,,,,,,,,,,,,,,,
OROUG,Product,Red Olives Oualili 8 Kg,8kg X 1,acbaa7_c35d51b3110b49748bc8144b6477f2df~mv2.jpg,Olives;Wholesale Orders,OROUG,,0.0,,true,PERCENT,0.0,InStock,,,,,,,,,,,,,,,,,,,,,,,,,,,,,,,,,,,,,,,
OVC1.9,Product,"Broken Green Olives With Lemon Oualili 1,9 Kg",1.9kg X 4,acbaa7_d5b26a25fce343fe85fc7e5fc93ab0ef~mv2.jpg,Olives;Wholesale Orders,OVC1.9,,0.0,,true,PERCENT,0.0,InStock,,,,,,,,,,,,,,,,,,,,,,,,,,,,,,,,,,,,,,,
OVC19/21,Product,Broken Green Olives & Lemon Oualili 8kg,8kg X 1,acbaa7_2af85bcabf3a473fbd6fb6fd490ef65a~mv2.jpg,Olives;Wholesale Orders,OVC19/21,,0.0,,true,PERCENT,0.0,InStock,,,,,,,,,,,,,,,,,,,,,,,,,,,,,,,,,,,,,,,
OVD1.9,Product,Pitted Green Olives Oualili 1.9kg,1.9kg X 4,acbaa7_38370ff2fc93444c9dc5f04a42eb1d67~mv2.jpg,Olives;Wholesale Orders,OVD1.9,,0.0,,true,PERCENT,0.0,InStock,,,,,,,,,,,,,,,,,,,,,,,,,,,,,,,,,,,,,,,
OVD72clx6,Product,Pitted Green Olives Oualili 340g,340g X 6,acbaa7_c78aa63414cc463db1d2ad071f7a5392~mv2.jpg,Olives;Wholesale Orders,OVD72clx6,,0.0,,true,PERCENT,0.0,InStock,,,,,,,,,,,,,,,,,,,,,,,,,,,,,,,,,,,,,,,
OVDAx3,Product,"Pitted Green Olive Oualili (a10) 1,445 Kg",1.445kg X 3,acbaa7_00b782457a48493ab7f5f813f3b6ff7d~mv2.jpg,Sauces Spice & Herbs;Wholesale Orders,OVDAx3,,0.0,,true,PERCENT,0.0,InStock,,,,,,,,,,,,,,,,,,,,,,,,,,,,,,,,,,,,,,,
OVDTIN26/29,Product,Pitted Green Olives Oualili 7kg,7kg X 1,acbaa7_458d37f4739b4b62b94066aac6b962cc~mv2.jpg,Olives;Wholesale Orders,OVDTIN26/29,,0.0,,true,PERCENT,0.0,InStock,,,,,,,,,,,,,,,,,,,,,,,,,,,,,,,,,,,,,,,
OVP6-72cl,Product,Hot Green Olives Oualili 400g,400g X 6,acbaa7_22f19fd4f40f409e9e51437fe9ab1597~mv2.jpg,Olives;Wholesale Orders,OVP6-72cl,,0.0,,true,PERCENT,0.0,InStock,,,,,,,,,,,,,,,,,,,,,,,,,,,,,,,,,,,,,,,
OVP8,Product,Hot Green Olives Oualili 8kg,8kg X 1,acbaa7_c313ff76a6904e91b6a43b913bbce245~mv2.jpg,Olives;Wholesale Orders,OVP8,,0.0,,true,PERCENT,0.0,InStock,,,,,,,,,,,,,,,,,,,,,,,,,,,,,,,,,,,,,,,
OVT6-72cl,Product,Slices Green Olives Oualili 340g,340g X 6,acbaa7_5015bb09592a43cd9aff74a41a77855c~mv2.jpg,Olives;Wholesale Orders,OVT6-72cl,,0.0,,true,PERCENT,0.0,InStock,,,,,,,,,,,,,,,,,,,,,,,,,,,,,,,,,,,,,,,
OVT8,Product,Slices Green Olives Oualili 7 Kg,7kg X 1,acbaa7_52e45736307840da939e54e19cac0662~mv2.jpg,Olives;Wholesale Orders,OVT8,,0.0,,true,PERCENT,0.0,InStock,,,,,,,,,,,,,,,,,,,,,,,,,,,,,,,,,,,,,,,
PAD,Product,Alum Stone Deodorant 120g,120g X 12,acbaa7_3eef36b55c224e4d93713ea0f711133a~mv2.jpg,Body Care;Wholesale Orders,PAD,,0.0,,true,PERCENT,0.0,InStock,,,,,,,,,,,,,,,,,,,,,,,,,,,,,,,,,,,,,,,
PBISTN10,Product,Pack Of 10 Biscuits Tonik,(24g X 10) X 36,,Biscuits & Sweets;Wholesale Orders,PBISTN10,,0.0,,true,PERCENT,0.0,InStock,,,,,,,,,,,,,,,,,,,,,,,,,,,,,,,,,,,,,,,
R100F,Product,Spice racks,/,,Retail Spices;Wholesale Orders,R100F,,0.0,,true,PERCENT,0.0,InStock,,,,,,,,,,,,,,,,,,,,,,,,,,,,,,,,,,,,,,,
R105G,Product,Marrakesh CORIANDER SEEDS 12*5oz,5 Oz,68c626_22ceb4cbfa5d441c867ea1122dacea82~mv2.png,"Retail Spices, Marrakesh Spices;Wholesale Orders",R105G,,0.0,,true,PERCENT,0.0,InStock,,,,,,,,,,,,,,,,,,,,,,,,,,,,,,,,,,,,,,,
R105P,Product,Leader CILANTRO LEAVES 12*1oz,1Oz,,Leader;Wholesale Orders,R105P,,0.0,,true,PERCENT,0.0,InStock,,,,,,,,,,,,,,,,,,,,,,,,,,,,,,,,,,,,,,,
R115V,Product,Marrakesh ONION POWDER  12*8oz,8 Oz,68c626_22ceb4cbfa5d441c867ea1122dacea82~mv2.png,"Retail Spices, Marrakesh Spices;Wholesale Orders",R115V,,0.0,,true,PERCENT,0.0,InStock,,,,,,,,,,,,,,,,,,,,,,,,,,,,,,,,,,,,,,,
R116O,Product,Marrakesh ANIS GROUND 12*8oz,8 Oz,68c626_22ceb4cbfa5d441c867ea1122dacea82~mv2.png,"Retail Spices, Marrakesh Spices;Wholesale Orders",R116O,,0.0,,true,PERCENT,0.0,InStock,,,,,,,,,,,,,,,,,,,,,,,,,,,,,,,,,,,,,,,
R132U,Product,Marrakesh Chicken Seasoning 12*8oz,8 Oz,68c626_22ceb4cbfa5d441c867ea1122dacea82~mv2.png,"Retail Spices, Marrakesh Spices;Wholesale Orders",R132U,,0.0,,true,PERCENT,0.0,InStock,,,,,,,,,,,,,,,,,,,,,,,,,,,,,,,,,,,,,,,
R134K,Product,Caraway SEED Bulk 55 Lbs,55 Lbs,,Retail Spices;Wholesale Orders,R134K,,0.0,,true,PERCENT,0.0,InStock,,,,,,,,,,,,,,,,,,,,,,,,,,,,,,,,,,,,,,,
R135P,Product,Marrakesh Garamasala spices,/,68c626_22ceb4cbfa5d441c867ea1122dacea82~mv2.png,"Retail Spices, Marrakesh Spices;Wholesale Orders",R135P,,0.0,,true,PERCENT,0.0,InStock,,,,,,,,,,,,,,,,,,,,,,,,,,,,,,,,,,,,,,,
R14J,Product,MARRAKESH FLAX SEEDS 12*8oz,8 Oz,68c626_22ceb4cbfa5d441c867ea1122dacea82~mv2.png,"Retail Spices, Marrakesh Spices;Wholesale Orders",R14J,,0.0,,true,PERCENT,0.0,InStock,,,,,,,,,,,,,,,,,,,,,,,,,,,,,,,,,,,,,,,
R151Q,Product,Leader CURRY POWDER  12*8oz,8 Oz,,Leader;Wholesale Orders,R151Q,,0.0,,true,PERCENT,0.0,InStock,,,,,,,,,,,,,,,,,,,,,,,,,,,,,,,,,,,,,,,
R161J,Product,Marrakesh FENUGREEK GROUND 12*8oz,8 Oz,68c626_22ceb4cbfa5d441c867ea1122dacea82~mv2.png,"Retail Spices, Marrakesh Spices;Wholesale Orders",R161J,,0.0,,true,PERCENT,0.0,InStock,,,,,,,,,,,,,,,,,,,,,,,,,,,,,,,,,,,,,,,
R165C,Product,Marrakesh ALL SPICE GROUND 12*8OZ,8 Oz,68c626_22ceb4cbfa5d441c867ea1122dacea82~mv2.png,"Retail Spices, Marrakesh Spices;Wholesale Orders",R165C,,0.0,,true,PERCENT,0.0,InStock,,,,,,,,,,,,,,,,,,,,,,,,,,,,,,,,,,,,,,,
R174D,Product,Leader CORIANDER GROUND 12*8oz,8 Oz,,Leader;Wholesale Orders,R174D,,0.0,,true,PERCENT,0.0,InStock,,,,,,,,,,,,,,,,,,,,,,,,,,,,,,,,,,,,,,,
R174G,Product,Marrakesh coarse SEA SALT  12*16oz.,16 Oz,68c626_22ceb4cbfa5d441c867ea1122dacea82~mv2.png,"Retail Spices, Marrakesh Spices;Wholesale Orders",R174G,,0.0,,true,PERCENT,0.0,InStock,,,,,,,,,,,,,,,,,,,,,,,,,,,,,,,,,,,,,,,
R187H,Product,Marrakesh BLACK SEED 12*8oz,8 Oz,68c626_22ceb4cbfa5d441c867ea1122dacea82~mv2.png,"Retail Spices, Marrakesh Spices;Wholesale Orders",R187H,,0.0,,true,PERCENT,0.0,InStock,,,,,,,,,,,,,,,,,,,,,,,,,,,,,,,,,,,,,,,
R187M,Product,Marrakesh CHILI MIX 12*8oz Hot,8 Oz,68c626_22ceb4cbfa5d441c867ea1122dacea82~mv2.png,"Retail Spices, Marrakesh Spices;Wholesale Orders",R187M,,0.0,,true,PERCENT,0.0,InStock,,,,,,,,,,,,,,,,,,,,,,,,,,,,,,,,,,,,,,,
R192H,Product,Marrakesh SAGE LEAVES 12*3oz,3Oz,68c626_22ceb4cbfa5d441c867ea1122dacea82~mv2.png,"Retail Spices, Marrakesh Spices;Wholesale Orders",R192H,,0.0,,true,PERCENT,0.0,InStock,,,,,,,,,,,,,,,,,,,,,,,,,,,,,,,,,,,,,,,
R197Q,Product,Marrakesh Falafel Spice,/,68c626_22ceb4cbfa5d441c867ea1122dacea82~mv2.png,"Retail Spices, Marrakesh Spices;Wholesale Orders",R197Q,,0.0,,true,PERCENT,0.0,InStock,,,,,,,,,,,,,,,,,,,,,,,,,,,,,,,,,,,,,,,
R201M,Product,Marrakesh Granulated onion 12/8oz,8 Oz,68c626_22ceb4cbfa5d441c867ea1122dacea82~mv2.png,"Retail Spices, Marrakesh Spices;Wholesale Orders",R201M,,0.0,,true,PERCENT,0.0,InStock,,,,,,,,,,,,,,,,,,,,,,,,,,,,,,,,,,,,,,,
R20N,Product,Marrakesh PARSLEY FLAKES 12*2oz,2Oz,68c626_22ceb4cbfa5d441c867ea1122dacea82~mv2.png,"Retail Spices, Marrakesh Spices;Wholesale Orders",R20N,,0.0,,true,PERCENT,0.0,InStock,,,,,,,,,,,,,,,,,,,,,,,,,,,,,,,,,,,,,,,
R211I,Product,Marrakesh NUTMEG GROUND 12*8oz,8 Oz,68c626_22ceb4cbfa5d441c867ea1122dacea82~mv2.png,"Retail Spices, Marrakesh Spices;Wholesale Orders",R211I,,0.0,,true,PERCENT,0.0,InStock,,,,,,,,,,,,,,,,,,,,,,,,,,,,,,,,,,,,,,,
R233G,Product,Marrakesh CORIANDER GROUND 12*8oz,8 Oz,68c626_22ceb4cbfa5d441c867ea1122dacea82~mv2.png,"Retail Spices, Marrakesh Spices;Wholesale Orders",R233G,,0.0,,true,PERCENT,0.0,InStock,,,,,,,,,,,,,,,,,,,,,,,,,,,,,,,,,,,,,,,
R240L,Product,Marrakesh MINT crushed,/,68c626_22ceb4cbfa5d441c867ea1122dacea82~mv2.png,"Retail Spices, Marrakesh Spices;Wholesale Orders",R240L,,0.0,,true,PERCENT,0.0,InStock,,,,,,,,,,,,,,,,,,,,,,,,,,,,,,,,,,,,,,,
R243B,Product,Marrakesh Mansaf 12/7 oz,7 Oz,68c626_22ceb4cbfa5d441c867ea1122dacea82~mv2.png,"Retail Spices, Marrakesh Spices;Wholesale Orders",R243B,,0.0,,true,PERCENT,0.0,InStock,,,,,,,,,,,,,,,,,,,,,,,,,,,,,,,,,,,,,,,
R245I,Product,Marrakesh ANIS Star 12*4oz.,4Oz,68c626_0d2850fdfbb44517a02eb5e3e5e2c1e6~mv2.png,"Retail Spices, Marrakesh Spices;Wholesale Orders",R245I,,0.0,,true,PERCENT,0.0,InStock,,,,,,,,,,,,,,,,,,,,,,,,,,,,,,,,,,,,,,,
R24Z,Product,Marrakesh WHITE PEPPER GND 12*7oz,7Oz,68c626_22ceb4cbfa5d441c867ea1122dacea82~mv2.png,"Retail Spices, Marrakesh Spices;Wholesale Orders",R24Z,,0.0,,true,PERCENT,0.0,InStock,,,,,,,,,,,,,,,,,,,,,,,,,,,,,,,,,,,,,,,
R254S,Product,Salt Pikarome 400g*12,400 G,,Retail Spices;Wholesale Orders,R254S,,0.0,,true,PERCENT,0.0,InStock,,,,,,,,,,,,,,,,,,,,,,,,,,,,,,,,,,,,,,,
R272J,Product,"Saffron  (Iranian) 1,5g*12",1.5 G,,Retail Spices;Wholesale Orders,R272J,,0.0,,true,PERCENT,0.0,InStock,,,,,,,,,,,,,,,,,,,,,,,,,,,,,,,,,,,,,,,
R276W,Product,Marrakesh kibbeh spice 12/7oz,7 Oz,68c626_22ceb4cbfa5d441c867ea1122dacea82~mv2.png,"Retail Spices, Marrakesh Spices;Wholesale Orders",R276W,,0.0,,true,PERCENT,0.0,InStock,,,,,,,,,,,,,,,,,,,,,,,,,,,,,,,,,,,,,,,
R285E,Product,Marrakesh Biryani spice,/,68c626_22ceb4cbfa5d441c867ea1122dacea82~mv2.png,"Retail Spices, Marrakesh Spices;Wholesale Orders",R285E,,0.0,,true,PERCENT,0.0,InStock,,,,,,,,,,,,,,,,,,,,,,,,,,,,,,,,,,,,,,,
R288O,Product,Marrakesh Marash pul Beeber 12*8oz,8 Oz,68c626_e67192d2231743c6adaa86d7d091470f~mv2.png,"Retail Spices, Marrakesh Spices;Wholesale Orders",R288O,,0.0,,true,PERCENT,0.0,InStock,,,,,,,,,,,,,,,,,,,,,,,,,,,,,,,,,,,,,,,
R299G,Product,Leader 7 SPICES 12*8oz,8 Oz,,Retail Spices;Wholesale Orders,R299G,,0.0,,true,PERCENT,0.0,InStock,,,,,,,,,,,,,,,,,,,,,,,,,,,,,,,,,,,,,,,
R31A,Product,Marrakesh CINNAMON STICK 12*5oz,5 Oz,68c626_22ceb4cbfa5d441c867ea1122dacea82~mv2.png,"Retail Spices, Marrakesh Spices;Wholesale Orders",R31A,,0.0,,true,PERCENT,0.0,InStock,,,,,,,,,,,,,,,,,,,,,,,,,,,,,,,,,,,,,,,
R325K,Product,Saffron  (Iranian) 1g*12 glass jars,1 G,,Retail Spices;Wholesale Orders,R325K,,0.0,,true,PERCENT,0.0,InStock,,,,,,,,,,,,,,,,,,,,,,,,,,,,,,,,,,,,,,,
R340O,Product,Marrakesh Caraway SEED 12*8oz,8 Oz,68c626_22ceb4cbfa5d441c867ea1122dacea82~mv2.png,"Retail Spices, Marrakesh Spices;Wholesale Orders",R340O,,0.0,,true,PERCENT,0.0,InStock,,,,,,,,,,,,,,,,,,,,,,,,,,,,,,,,,,,,,,,
R344E,Product,Marrakesh FISH SEASONING 12*8oz,8 Oz,68c626_22ceb4cbfa5d441c867ea1122dacea82~mv2.png,"Retail Spices, Marrakesh Spices;Wholesale Orders",R344E,,0.0,,true,PERCENT,0.0,InStock,,,,,,,,,,,,,,,,,,,,,,,,,,,,,,,,,,,,,,,
R350A,Product,Marrakesh CITRIC ACID 12/1oz,1Oz,68c626_22ceb4cbfa5d441c867ea1122dacea82~mv2.png,"Retail Spices, Marrakesh Spices;Wholesale Orders",R350A,,0.0,,true,PERCENT,0.0,InStock,,,,,,,,,,,,,,,,,,,,,,,,,,,,,,,,,,,,,,,
R352E,Product,Marrakesh ALL SPICE WHOLE 12*6oz,6 Oz,68c626_22ceb4cbfa5d441c867ea1122dacea82~mv2.png,"Retail Spices, Marrakesh Spices;Wholesale Orders",R352E,,0.0,,true,PERCENT,0.0,InStock,,,,,,,,,,,,,,,,,,,,,,,,,,,,,,,,,,,,,,,
R353H,Product,Cinnamon sticks 12/8oz (Siro Med),8 Oz,,Retail Spices;Wholesale Orders,R353H,,0.0,,true,PERCENT,0.0,InStock,,,,,,,,,,,,,,,,,,,,,,,,,,,,,,,,,,,,,,,
R359K,Product,Marrakesh DILL seed 12*2oz,2Oz,68c626_22ceb4cbfa5d441c867ea1122dacea82~mv2.png,"Retail Spices, Marrakesh Spices;Wholesale Orders",R359K,,0.0,,true,PERCENT,0.0,InStock,,,,,,,,,,,,,,,,,,,,,,,,,,,,,,,,,,,,,,,
R360I,Product,Saffron  (Iranian) 1g*12,1 G,,Retail Spices;Wholesale Orders,R360I,,0.0,,true,PERCENT,0.0,InStock,,,,,,,,,,,,,,,,,,,,,,,,,,,,,,,,,,,,,,,
R361A,Product,Marrakesh cajun spice 12/8oz,8 Oz,68c626_22ceb4cbfa5d441c867ea1122dacea82~mv2.png,"Retail Spices, Marrakesh Spices;Wholesale Orders",R361A,,0.0,,true,PERCENT,0.0,InStock,,,,,,,,,,,,,,,,,,,,,,,,,,,,,,,,,,,,,,,
R374S,Product,Marrakesh chamomile 12/2oz,2Oz,68c626_22ceb4cbfa5d441c867ea1122dacea82~mv2.png,"Retail Spices, Marrakesh Spices;Wholesale Orders",R374S,,0.0,,true,PERCENT,0.0,InStock,,,,,,,,,,,,,,,,,,,,,,,,,,,,,,,,,,,,,,,
R376M,Product,Marrakesh Sausage seasoning  12/8oz,8 Oz,68c626_22ceb4cbfa5d441c867ea1122dacea82~mv2.png,"Retail Spices, Marrakesh Spices;Wholesale Orders",R376M,,0.0,,true,PERCENT,0.0,InStock,,,,,,,,,,,,,,,,,,,,,,,,,,,,,,,,,,,,,,,
R388U,Product,Marrakesh KABSAH SPICES 12*7oz,7 Oz,68c626_22ceb4cbfa5d441c867ea1122dacea82~mv2.png,"Retail Spices, Marrakesh Spices;Wholesale Orders",R388U,,0.0,,true,PERCENT,0.0,InStock,,,,,,,,,,,,,,,,,,,,,,,,,,,,,,,,,,,,,,,
R389X,Product,Leader ONION POWDER  12*8oz,8 Oz,,Leader;Wholesale Orders,R389X,,0.0,,true,PERCENT,0.0,InStock,,,,,,,,,,,,,,,,,,,,,,,,,,,,,,,,,,,,,,,
R401H,Product,Leader GARLIC GRANULATED 12/8oz,8 Oz,,Leader;Wholesale Orders,R401H,,0.0,,true,PERCENT,0.0,InStock,,,,,,,,,,,,,,,,,,,,,,,,,,,,,,,,,,,,,,,
R410B,Product,Marrakesh FENNEL SEEDS 12*8oz,8 Oz,68c626_22ceb4cbfa5d441c867ea1122dacea82~mv2.png,"Retail Spices, Marrakesh Spices;Wholesale Orders",R410B,,0.0,,true,PERCENT,0.0,InStock,,,,,,,,,,,,,,,,,,,,,,,,,,,,,,,,,,,,,,,
R411M,Product,Marrakesh BAY LEAVES 12*1oz,1Oz,68c626_22ceb4cbfa5d441c867ea1122dacea82~mv2.png,"Retail Spices, Marrakesh Spices;Wholesale Orders",R411M,,0.0,,true,PERCENT,0.0,InStock,,,,,,,,,,,,,,,,,,,,,,,,,,,,,,,,,,,,,,,
R411U,Product,Marrakesh shish Tawek,/,68c626_22ceb4cbfa5d441c867ea1122dacea82~mv2.png,"Retail Spices, Marrakesh Spices;Wholesale Orders",R411U,,0.0,,true,PERCENT,0.0,InStock,,,,,,,,,,,,,,,,,,,,,,,,,,,,,,,,,,,,,,,
R414J,Product,Marrakesh PAPRIKA 12*8oz,8 Oz,68c626_22ceb4cbfa5d441c867ea1122dacea82~mv2.png,"Retail Spices, Marrakesh Spices;Wholesale Orders",R414J,,0.0,,true,PERCENT,0.0,InStock,,,,,,,,,,,,,,,,,,,,,,,,,,,,,,,,,,,,,,,
R41J,Product,Marrakesh Caraway Ground 12*8oz,8 Oz,68c626_8537519690dc4bbbbc9b33666aa7f23e~mv2.png,"Retail Spices, Marrakesh Spices;Wholesale Orders",R41J,,0.0,,true,PERCENT,0.0,InStock,,,,,,,,,,,,,,,,,,,,,,,,,,,,,,,,,,,,,,,
R427J,Product,Maggi chicken seasoning 12 pack,12pack,,Retail Spices;Wholesale Orders,R427J,,0.0,,true,PERCENT,0.0,InStock,,,,,,,,,,,,,,,,,,,,,,,,,,,,,,,,,,,,,,,
R431E,Product,Marrakesh WHITE PEPPER WHOLE 12*8oz,8 Oz,68c626_22ceb4cbfa5d441c867ea1122dacea82~mv2.png,"Retail Spices, Marrakesh Spices;Wholesale Orders",R431E,,0.0,,true,PERCENT,0.0,InStock,,,,,,,,,,,,,,,,,,,,,,,,,,,,,,,,,,,,,,,
R432L,Product,Marrakesh jerk seasoning 12/1 Lbs,1 Lbs,68c626_22ceb4cbfa5d441c867ea1122dacea82~mv2.png,"Retail Spices, Marrakesh Spices;Wholesale Orders",R432L,,0.0,,true,PERCENT,0.0,InStock,,,,,,,,,,,,,,,,,,,,,,,,,,,,,,,,,,,,,,,
R438H,Product,Marrakesh Rainbow Sprinkles 12/10oz,10 Oz,68c626_22ceb4cbfa5d441c867ea1122dacea82~mv2.png,"Retail Spices, Marrakesh Spices;Wholesale Orders",R438H,,0.0,,true,PERCENT,0.0,InStock,,,,,,,,,,,,,,,,,,,,,,,,,,,,,,,,,,,,,,,
R439O,Product,Marrakesh Fine SEA SALT  12*16oz.,16 Oz,68c626_22ceb4cbfa5d441c867ea1122dacea82~mv2.png,"Retail Spices, Marrakesh Spices;Wholesale Orders",R439O,,0.0,,true,PERCENT,0.0,InStock,,,,,,,,,,,,,,,,,,,,,Return and Refund Policy,this is my return and refund policy,,,,,,,,,,,,,,,,,Bananas
R446S,Product,KOURA LEBANESE THYME 12*454GR,454 G,,Retail Spices;Wholesale Orders,R446S,,0.0,,true,PERCENT,0.0,InStock,,,,,,,,,,,,,,,,,,,,,,,,,,,,,,,,,,,,,,,
R457E,Product,Marrakesh CUMIN SEEDS 12*8oz,8 Oz,68c626_22ceb4cbfa5d441c867ea1122dacea82~mv2.png,"Retail Spices, Marrakesh Spices;Wholesale Orders",R457E,,0.0,,true,PERCENT,0.0,InStock,,,,,,,,,,,,,,,,,,,,,,,,,,,,,,,,,,,,,,,
R457U,Product,Marrakesh CLOVES WHOLE 12*6oz,6 Oz,68c626_22ceb4cbfa5d441c867ea1122dacea82~mv2.png,"Retail Spices, Marrakesh Spices;Wholesale Orders",R457U,,0.0,,true,PERCENT,0.0,InStock,,,,,,,,,,,,,,,,,,,,,,,,,,,,,,,,,,,,,,,
R471R,Product,Marrakesh Mint Leaves 12*3oz,3 Oz,68c626_22ceb4cbfa5d441c867ea1122dacea82~mv2.png,"Retail Spices, Marrakesh Spices;Wholesale Orders",R471R,,0.0,,true,PERCENT,0.0,InStock,,,,,,,,,,,,,,,,,,,,,,,,,,,,,,,,,,,,,,,
R479E,Product,Marrakesh BBQ Spice 12/8OZ,8 Oz,68c626_22ceb4cbfa5d441c867ea1122dacea82~mv2.png,"Retail Spices, Marrakesh Spices;Wholesale Orders",R479E,,0.0,,true,PERCENT,0.0,InStock,,,,,,,,,,,,,,,,,,,,,,,,,,,,,,,,,,,,,,,
R482I,Product,Marrakesh THYME LEAVES 12*3oz,3Oz,68c626_22ceb4cbfa5d441c867ea1122dacea82~mv2.png,"Retail Spices, Marrakesh Spices;Wholesale Orders",R482I,,0.0,,true,PERCENT,0.0,InStock,,,,,,,,,,,,,,,,,,,,,,,,,,,,,,,,,,,,,,,
R482O,Product,Marrakesh CILANTRO LEAVES 12*3oz,3 Oz,68c626_22ceb4cbfa5d441c867ea1122dacea82~mv2.png,"Retail Spices, Marrakesh Spices;Wholesale Orders",R482O,,0.0,,true,PERCENT,0.0,InStock,,,,,,,,,,,,,,,,,,,,,,,,,,,,,,,,,,,,,,,
R48S,Product,Marrakesh OREGANO LEAVES  12*2oz,2 Oz,68c626_22ceb4cbfa5d441c867ea1122dacea82~mv2.png,"Retail Spices, Marrakesh Spices;Wholesale Orders",R48S,,0.0,,true,PERCENT,0.0,InStock,,,,,,,,,,,,,,,,,,,,,Return and Refund Policy,this is my return and refund policy,,,,,,,,,,,What would you like to engrave on your sunglasses?,500,true,,,,Nice
R490C,Product,MARRAKESH FLAX SEED Ground 12*8oz,8 Oz,68c626_22ceb4cbfa5d441c867ea1122dacea82~mv2.png,"Retail Spices, Marrakesh Spices;Wholesale Orders",R490C,,0.0,,true,PERCENT,0.0,InStock,,,,,,,,,,,,,,,,,,,,,,,,,,,,,,,,,,,,,,,
R515G,Product,Marrakesh GARLIC Pepper 12*8oz,8 Oz,68c626_22ceb4cbfa5d441c867ea1122dacea82~mv2.png,"Retail Spices, Marrakesh Spices;Wholesale Orders",R515G,,0.0,,true,PERCENT,0.0,InStock,,,,,,,,,,,,,,,,,,,,,,,,,,,,,,,,,,,,,,,
R515N,Product,Marrakesh CURRY POWDER  12*8oz,8 Oz,68c626_22ceb4cbfa5d441c867ea1122dacea82~mv2.png,"Retail Spices, Marrakesh Spices;Wholesale Orders",R515N,,0.0,,true,PERCENT,0.0,InStock,,,,,,,,,,,,,,,,,,,,,,,,,,,,,,,,,,,,,,,
R528O,Product,Marrakesh BASIL 12*4oz,4Oz,68c626_8b0049325cfe406fb675cb5a849c2a4a~mv2.png,"Retail Spices, Marrakesh Spices;Wholesale Orders",R528O,,0.0,,true,PERCENT,0.0,InStock,,,,,,,,,,,,,,,,,,,,,,,,,,,,,,,,,,,,,,,
R52V,Product,Leader PAPRIKA Spanish 12*8oz,8 Oz,,Leader;Wholesale Orders,R52V,,0.0,,true,PERCENT,0.0,InStock,,,,,,,,,,,,,,,,,,,,,Return and Refund Policy,this is my return and refund policy,,,,,,,,,,,,,,,,,Nice
R548L,Product,Marrakesh POPPY SEEDS 12*8oz,8 Oz,68c626_22ceb4cbfa5d441c867ea1122dacea82~mv2.png,"Retail Spices, Marrakesh Spices;Wholesale Orders",R548L,,0.0,,true,PERCENT,0.0,InStock,,,,,,,,,,,,,,,,,,,,,,,,,,,,,,,,,,,,,,,
R549Y,Product,Marrakesh CLOVES GROUND 12*6oz,6 Oz,68c626_22ceb4cbfa5d441c867ea1122dacea82~mv2.png,"Retail Spices, Marrakesh Spices;Wholesale Orders",R549Y,,0.0,,true,PERCENT,0.0,InStock,,,,,,,,,,,,,,,,,,,,,,,,,,,,,,,,,,,,,,,
R565Z,Product,Marrakesh TURMERIC 12*8oz,8 Oz,68c626_22ceb4cbfa5d441c867ea1122dacea82~mv2.png,"Retail Spices, Marrakesh Spices;Wholesale Orders",R565Z,,0.0,,true,PERCENT,0.0,InStock,,,,,,,,,,,,,,,,,,,,,,,,,,,,,,,,,,,,,,,
R571B,Product,Leader CLOVES whole 12*6oz,6Oz,,Leader;Wholesale Orders,R571B,,0.0,,true,PERCENT,0.0,InStock,,,,,,,,,,,,,,,,,,,,,,,,,,,,,,,,,,,,,,,
R575G,Product,Leader ANIS SEED 12*8oz,8 Oz,,Retail Spices;Wholesale Orders,R575G,,0.0,,true,PERCENT,0.0,InStock,,,,,,,,,,,,,,,,,,,,,,,,,,,,,,,,,,,,,,,
R575T,Product,Marrakesh chive,/,68c626_22ceb4cbfa5d441c867ea1122dacea82~mv2.png,"Retail Spices, Marrakesh Spices;Wholesale Orders",R575T,,0.0,,true,PERCENT,0.0,InStock,,,,,,,,,,,,,,,,,,,,,,,,,,,,,,,,,,,,,,,
R577T,Product,Marrakesh CINNAMON GROUND 12*8oz,8 Oz,68c626_e0ce106bc0bb4023a3ca7855920a06f7~mv2.png,"Retail Spices, Marrakesh Spices;Wholesale Orders",R577T,,0.0,,true,PERCENT,0.0,InStock,,,,,,,,,,,,,,,,,,,,,,,,,,,,,,,,,,,,,,,
R593X,Product,Marrakesh kofta spices,/,68c626_22ceb4cbfa5d441c867ea1122dacea82~mv2.png,"Retail Spices, Marrakesh Spices;Wholesale Orders",R593X,,0.0,,true,PERCENT,0.0,InStock,,,,,,,,,,,,,,,,,,,,,,,,,,,,,,,,,,,,,,,
R597E,Product,Marrakesh pickling spices,/,68c626_22ceb4cbfa5d441c867ea1122dacea82~mv2.png,"Retail Spices, Marrakesh Spices;Wholesale Orders",R597E,,0.0,,true,PERCENT,0.0,InStock,,,,,,,,,,,,,,,,,,,,,,,,,,,,,,,,,,,,,,,
R613B,Product,Marrakesh RED CHILI POWDER  12*8oz,8 Oz,68c626_22ceb4cbfa5d441c867ea1122dacea82~mv2.png,"Retail Spices, Marrakesh Spices;Wholesale Orders",R613B,,0.0,,true,PERCENT,0.0,InStock,,,,,,,,,,,,,,,,,,,,,,,,,,,,,,,,,,,,,,,
R627K,Product,Leader CLOVES GROUND 12*6oz,6Oz,,Leader;Wholesale Orders,R627K,,0.0,,true,PERCENT,0.0,InStock,,,,,,,,,,,,,,,,,,,,,,,,,,,,,,,,,,,,,,,
R633A,Product,marrakesh garlic minced 12/8oz,8 Oz,68c626_22ceb4cbfa5d441c867ea1122dacea82~mv2.png,"Retail Spices, Marrakesh Spices;Wholesale Orders",R633A,,0.0,,true,PERCENT,0.0,InStock,,,,,,,,,,,,,,,,,,,,,,,,,,,,,,,,,,,,,,,
R637R,Product,Marrakesh Iraqi Spice,/,68c626_22ceb4cbfa5d441c867ea1122dacea82~mv2.png,"Retail Spices, Marrakesh Spices;Wholesale Orders",R637R,,0.0,,true,PERCENT,0.0,InStock,,,,,,,,,,,,,,,,,,,,,,,,,,,,,,,,,,,,,,,
R639S,Product,Marrakesh Sesame seed 12/8oz,8 Oz,68c626_22ceb4cbfa5d441c867ea1122dacea82~mv2.png,"Retail Spices, Marrakesh Spices;Wholesale Orders",R639S,,0.0,,true,PERCENT,0.0,InStock,,,,,,,,,,,,,,,,,,,,,,,,,,,,,,,,,,,,,,,
R651B,Product,Marrakesh NUTMEG WHOLE 12*5oz,5 Oz,68c626_22ceb4cbfa5d441c867ea1122dacea82~mv2.png,"Retail Spices, Marrakesh Spices;Wholesale Orders",R651B,,0.0,,true,PERCENT,0.0,InStock,,,,,,,,,,,,,,,,,,,,,,,,,,,,,,,,,,,,,,,
R662P,Product,Marrakesh BLACK PEPPER Fine 12*8oz,8 Oz,68c626_189959a9fadd42d28c74a841d88d58a5~mv2.png,"Retail Spices, Marrakesh Spices;Wholesale Orders",R662P,,0.0,,true,PERCENT,0.0,InStock,,,,,,,,,,,,,,,,,,,,,,,,,,,,,,,,,,,,,,,
R677O,Product,Marrakech Tarragon leaves 12/1oz,1Oz,68c626_5cc9dd9bb7794f3ebd66aa1738ddac05~mv2.png,"Retail Spices, Marrakesh Spices;Wholesale Orders",R677O,,0.0,,true,PERCENT,0.0,InStock,,,,,,,,,,,,,,,,,,,,,,,,,,,,,,,,,,,,,,,
R692S,Product,Leader BAY LEAVES 12*1oz,1Oz,,Retail Spices;Wholesale Orders,R692S,,0.0,,true,PERCENT,0.0,InStock,,,,,,,,,,,,,,,,,,,,,,,,,,,,,,,,,,,,,,,
R699D,Product,Marrakesh Granulated Garlic 12*8oz,8 Oz,68c626_22ceb4cbfa5d441c867ea1122dacea82~mv2.png,"Retail Spices, Marrakesh Spices;Wholesale Orders",R699D,,0.0,,true,PERCENT,0.0,InStock,,,,,,,,,,,,,,,,,,,,,,,,,,,,,,,,,,,,,,,
R700V,Product,Marrakesh MUSTARD SEEDS 12*10oz,10 Oz,68c626_22ceb4cbfa5d441c867ea1122dacea82~mv2.png,"Retail Spices, Marrakesh Spices;Wholesale Orders",R700V,,0.0,,true,PERCENT,0.0,InStock,,,,,,,,,,,,,,,,,,,,,,,,,,,,,,,,,,,,,,,
R713B,Product,Marrakesh Annto seed 12/8oz,8 Oz,68c626_22ceb4cbfa5d441c867ea1122dacea82~mv2.png,"Retail Spices, Marrakesh Spices;Wholesale Orders",R713B,,0.0,,true,PERCENT,0.0,InStock,,,,,,,,,,,,,,,,,,,,,,,,,,,,,,,,,,,,,,,
R723X,Product,Marrakesh ANIS SEED 12*8oz.,8 Oz,68c626_c39eaeed8d5a4c9399119622a624452a~mv2.png,"Retail Spices, Marrakesh Spices;Wholesale Orders",R723X,,0.0,,true,PERCENT,0.0,InStock,,,,,,,,,,,,,,,,,,,,,,,,,,,,,,,,,,,,,,,
R735O,Product,Marrakesh Chicken shawarma,/,68c626_22ceb4cbfa5d441c867ea1122dacea82~mv2.png,"Retail Spices, Marrakesh Spices;Wholesale Orders",R735O,,0.0,,true,PERCENT,0.0,InStock,,,,,,,,,,,,,,,,,,,,,,,,,,,,,,,,,,,,,,,
R741N,Product,Marrakesh Yemani spices,/,68c626_22ceb4cbfa5d441c867ea1122dacea82~mv2.png,"Retail Spices, Marrakesh Spices;Wholesale Orders",R741N,,0.0,,true,PERCENT,0.0,InStock,,,,,,,,,,,,,,,,,,,,,,,,,,,,,,,,,,,,,,,
R754H,Product,Marrakesh CUMIN GROUND 12*8oz,8 Oz,68c626_22ceb4cbfa5d441c867ea1122dacea82~mv2.png,"Retail Spices, Marrakesh Spices;Wholesale Orders",R754H,,0.0,,true,PERCENT,0.0,InStock,,,,,,,,,,,,,,,,,,,,,,,,,,,,,,,,,,,,,,,
R773G,Product,Marrakesh LEMON PEPPER 12*16oz,16 Oz,68c626_22ceb4cbfa5d441c867ea1122dacea82~mv2.png,"Retail Spices, Marrakesh Spices;Wholesale Orders",R773G,,0.0,,true,PERCENT,0.0,InStock,,,,,,,,,,,,,,,,,,,,,,,,,,,,,,,,,,,,,,,
R777Y,Product,Leader CINNAMON GROUND 12*8oz,8 Oz,,Leader;Wholesale Orders,R777Y,,0.0,,true,PERCENT,0.0,InStock,,,,,,,,,,,,,,,,,,,,,,,,,,,,,,,,,,,,,,,
R779G,Product,Leader BLACK PEPPER GROUND 12*8oz,8 Oz,,Retail Spices;Wholesale Orders,R779G,,0.0,,true,PERCENT,0.0,InStock,,,,,,,,,,,,,,,,,,,,,,,,,,,,,,,,,,,,,,,
R788J,Product,Retail Spices,,68c626_22ceb4cbfa5d441c867ea1122dacea82~mv2.png,Retail Spices;Wholesale Orders,R788J,,0.0,,true,PERCENT,0.0,InStock,,,,,,,,,,,,,,,,,,,,,,,,,,,,,,,,,,,,,,,
R794J,Product,Marrakesh GINGER GROUND 12*8oz,8 Oz,68c626_22ceb4cbfa5d441c867ea1122dacea82~mv2.png,"Retail Spices, Marrakesh Spices;Wholesale Orders",R794J,,0.0,,true,PERCENT,0.0,InStock,,,,,,,,,,,,,,,,,,,,,,,,,,,,,,,,,,,,,,,
R797G,Product,Marrakesh FENUGREEK SEEDS 12*8oz,8 Oz,68c626_22ceb4cbfa5d441c867ea1122dacea82~mv2.png,"Retail Spices, Marrakesh Spices;Wholesale Orders",R797G,,0.0,,true,PERCENT,0.0,InStock,,,,,,,,,,,,,,,,,,,,,,,,,,,,,,,,,,,,,,,
R799J,Product,Marrakesh STEAK SEASONING 12*16oz,16 Oz,68c626_22ceb4cbfa5d441c867ea1122dacea82~mv2.png,"Retail Spices, Marrakesh Spices;Wholesale Orders",R799J,,0.0,,true,PERCENT,0.0,InStock,,,,,,,,,,,,,,,,,,,,,,,,,,,,,,,,,,,,,,,
R79O,Product,Marrakesh GARLIC POWDER 12*8oz,8 Oz,68c626_22ceb4cbfa5d441c867ea1122dacea82~mv2.png,"Retail Spices, Marrakesh Spices;Wholesale Orders",R79O,,0.0,,true,PERCENT,0.0,InStock,,,,,,,,,,,,,,,,,,,,,,,,,,,,,,,,,,,,,,,
R809E,Product,Marrakesh Natural Sesame seed  black 12/8oz,8 Oz,68c626_22ceb4cbfa5d441c867ea1122dacea82~mv2.png,"Retail Spices, Marrakesh Spices;Wholesale Orders",R809E,,0.0,,true,PERCENT,0.0,InStock,,,,,,,,,,,,,,,,,,,,,,,,,,,,,,,,,,,,,,,
R813H,Product,Marrakesh Crushed Red Pepper  12*8oz,8 Oz,68c626_22ceb4cbfa5d441c867ea1122dacea82~mv2.png,"Retail Spices, Marrakesh Spices;Wholesale Orders",R813H,,0.0,,true,PERCENT,0.0,InStock,,,,,,,,,,,,,,,,,,,,,,,,,,,,,,,,,,,,,,,
R821W,Product,Marrakesh ROSEMARY12*2.5oz,5 Oz,68c626_22ceb4cbfa5d441c867ea1122dacea82~mv2.png,"Retail Spices, Marrakesh Spices;Wholesale Orders",R821W,,0.0,,true,PERCENT,0.0,InStock,,,,,,,,,,,,,,,,,,,,,,,,,,,,,,,,,,,,,,,
R833S,Product,Marrakesh MOROCCAN SPICE (RAS AL HANOUT) 12*7oz,7 Oz,68c626_22ceb4cbfa5d441c867ea1122dacea82~mv2.png,"Retail Spices, Marrakesh Spices;Wholesale Orders",R833S,,0.0,,true,PERCENT,0.0,InStock,,,,,,,,,,,,,,,,,,,,,,,,,,,,,,,,,,,,,,,
R839E,Product,Marrakesh Meat (Beef) SHAWARMA SPICES 12*7oz,7Oz,68c626_22ceb4cbfa5d441c867ea1122dacea82~mv2.png,"Retail Spices, Marrakesh Spices;Wholesale Orders",R839E,,0.0,,true,PERCENT,0.0,InStock,,,,,,,,,,,,,,,,,,,,,,,,,,,,,,,,,,,,,,,
R851S,Product,BIRYAN MASAL,/,,Retail Spices;Wholesale Orders,R851S,,0.0,,true,PERCENT,0.0,InStock,,,,,,,,,,,,,,,,,,,,,,,,,,,,,,,,,,,,,,,
R871M,Product,Marrakesh adobo seasoning 12/16oz.,16 Oz,68c626_22ceb4cbfa5d441c867ea1122dacea82~mv2.png,"Retail Spices, Marrakesh Spices;Wholesale Orders",R871M,,0.0,,true,PERCENT,0.0,InStock,,,,,,,,,,,,,,,,,,,,,,,,,,,,,,,,,,,,,,,
R872O,Product,Marrakesh CAYENNE PEPPER 12*8oz,8 Oz,68c626_22ceb4cbfa5d441c867ea1122dacea82~mv2.png,"Retail Spices, Marrakesh Spices;Wholesale Orders",R872O,,0.0,,true,PERCENT,0.0,InStock,,,,,,,,,,,,,,,,,,,,,,,,,,,,,,,,,,,,,,,
R872R,Product,Marrakesh Hamburger Spice,/,68c626_22ceb4cbfa5d441c867ea1122dacea82~mv2.png,"Retail Spices, Marrakesh Spices;Wholesale Orders",R872R,,0.0,,true,PERCENT,0.0,InStock,,,,,,,,,,,,,,,,,,,,,,,,,,,,,,,,,,,,,,,
R879Z,Product,Saffron  (Iranian) 0.5g*12,.05 G,,Retail Spices;Wholesale Orders,R879Z,,0.0,,true,PERCENT,0.0,InStock,,,,,,,,,,,,,,,,,,,,,,,,,,,,,,,,,,,,,,,
R886U,Product,Leader TURMERIC 12*8oz,8 Oz,,Leader;Wholesale Orders,R886U,,0.0,,true,PERCENT,0.0,InStock,,,,,,,,,,,,,,,,,,,,,,,,,,,,,,,,,,,,,,,
R893O,Product,chamomile 12/2oz (Siro Med),2 Oz,,Retail Spices;Wholesale Orders,R893O,,0.0,,true,PERCENT,0.0,InStock,,,,,,,,,,,,,,,,,,,,,,,,,,,,,,,,,,,,,,,
R900L,Product,Leader CRUSHED RED PEPPER  12*5oz,5 Oz,,Leader;Wholesale Orders,R900L,,0.0,,true,PERCENT,0.0,InStock,,,,,,,,,,,,,,,,,,,,,,,,,,,,,,,,,,,,,,,
R909T,Product,Marrakesh ITALIAN SEASONING 12*4OZ,4 Oz,68c626_22ceb4cbfa5d441c867ea1122dacea82~mv2.png,"Retail Spices, Marrakesh Spices;Wholesale Orders",R909T,,0.0,,true,PERCENT,0.0,InStock,,,,,,,,,,,,,,,,,,,,,,,,,,,,,,,,,,,,,,,
R928T,Product,Marrakesh BLACK PEPPER WHOLE 12*8oz,8 Oz,68c626_22ceb4cbfa5d441c867ea1122dacea82~mv2.png,"Retail Spices, Marrakesh Spices;Wholesale Orders",R928T,,0.0,,true,PERCENT,0.0,InStock,,,,,,,,,,,,,,,,,,,,,,,,,,,,,,,,,,,,,,,
R933M,Product,Marrakesh SUMAC GROUND 12*8oz,8 Oz,68c626_22ceb4cbfa5d441c867ea1122dacea82~mv2.png,"Retail Spices, Marrakesh Spices;Wholesale Orders",R933M,,0.0,,true,PERCENT,0.0,InStock,,,,,,,,,,,,,,,,,,,,,,,,,,,,,,,,,,,,,,,
R949M,Product,Marrakech Annato seed 12/8oz,8 Oz,68c626_11c52621af0241c993e3908583032d43~mv2.png,"Retail Spices, Marrakesh Spices;Wholesale Orders",R949M,,0.0,,true,PERCENT,0.0,InStock,,,,,,,,,,,,,,,,,,,,,,,,,,,,,,,,,,,,,,,
R949O,Product,Marrakesh 7 spice 12*8oz,8 Oz,68c626_22ceb4cbfa5d441c867ea1122dacea82~mv2.png,"Retail Spices, Marrakesh Spices;Wholesale Orders",R949O,,0.0,,true,PERCENT,0.0,InStock,,,,,,,,,,,,,,,,,,,,,,,,,,,,,,,,,,,,,,,
R961W,Product,Marrakesh seafood seaonning 12/10oz,10 Oz,68c626_22ceb4cbfa5d441c867ea1122dacea82~mv2.png,"Retail Spices, Marrakesh Spices;Wholesale Orders",R961W,,0.0,,true,PERCENT,0.0,InStock,,,,,,,,,,,,,,,,,,,,,,,,,,,,,,,,,,,,,,,
R963C,Product,Leader FENUGREEK SEEDS 12*8oz,8 Oz,,Leader;Wholesale Orders,R963C,,0.0,,true,PERCENT,0.0,InStock,,,,,,,,,,,,,,,,,,,,,,,,,,,,,,,,,,,,,,,
R965H,Product,Leader CUMIN GROUND 12*8oz,8 Oz,,Leader;Wholesale Orders,R965H,,0.0,,true,PERCENT,0.0,InStock,,,,,,,,,,,,,,,,,,,,,,,,,,,,,,,,,,,,,,,
R98O,Product,Marrakesh OREGANO GROUND  12*2oz,2 Oz,68c626_22ceb4cbfa5d441c867ea1122dacea82~mv2.png,"Retail Spices, Marrakesh Spices;Wholesale Orders",R98O,,0.0,,true,PERCENT,0.0,InStock,,,,,,,,,,,,,,,,,,,,,,,,,,,,,,,,,,,,,,,
R9F,Product,Marrakesh MUSTARD ground 12*6oz,6Oz,68c626_22ceb4cbfa5d441c867ea1122dacea82~mv2.png,"Retail Spices, Marrakesh Spices;Wholesale Orders",R9F,,0.0,,true,PERCENT,0.0,InStock,,,,,,,,,,,,,,,,,,,,,,,,,,,,,,,,,,,,,,,
S4,Product,Morrocan Soup Harira Ideal 135g,135g X 18,acbaa7_8609790dcb7d4ffa93d0c83f5f6dc40d~mv2.jpg,Broth & Soups Ideal;Wholesale Orders,S4,,0.0,,true,PERCENT,0.0,InStock,,,,,,,,,,,,,,,,,,,,,,,,,,,,,,,,,,,,,,,
S5,Product,Moroccan Chorba Ideal 110g,110g X 18,,Broth & Soups Ideal;Wholesale Orders,S5,,0.0,,true,PERCENT,0.0,InStock,,,,,,,,,,,,,,,,,,,,,,,,,,,,,,,,,,,,,,,
S6,Product,Bissara Soup Ideal,100g X 12,acbaa7_e5302edfccca4da9822e5bfb440676e9~mv2.jpg,Broth & Soups Ideal;Wholesale Orders,S6,,0.0,,true,PERCENT,0.0,InStock,,,,,,,,,,,,,,,,,,,,,,,,,,,,,,,,,,,,,,,
S7,Product,Lentil Soup Ideal,100g X 12,,Broth & Soups Ideal;Wholesale Orders,S7,,0.0,,true,PERCENT,0.0,InStock,,,,,,,,,,,,,,,,,,,,,,,,,,,,,,,,,,,,,,,
SB30G,Product,Beldi Soap Rhimo 25g,25g X 100,acbaa7_9930db165d254304909e998383d7fc8c~mv2.jpg,Body Care;Wholesale Orders,SB30G,,0.0,,true,PERCENT,0.0,InStock,,,,,,,,,,,,,,,,,,,,,,,,,,,,,,,,,,,,,,,
SCTI110g,Product,Chorba Tlitli Soup Ideal,110g X 18,acbaa7_345648802cc04194b5f093684b9eb8de~mv2.jpg,Broth & Soups Ideal;Wholesale Orders,SCTI110g,,0.0,,true,PERCENT,0.0,InStock,,,,,,,,,,,,,,,,,,,,,,,,,,,,,,,,,,,,,,,
SDGREN,Product,Grenadine Syrup Duval,750ml X 12,,Others;Wholesale Orders,SDGREN,,0.0,,true,PERCENT,0.0,InStock,,,,,,,,,,,,,,,,,,,,,,,,,,,,,,,,,,,,,,,
SDMENT,Product,Mint Syrup Duval,750ml X 12,acbaa7_beef00c0d0b443efb273440ba684fadd~mv2.jpg,Others;Wholesale Orders,SDMENT,,0.0,,true,PERCENT,0.0,InStock,,,,,,,,,,,,,,,,,,,,,,,,,,,,,,,,,,,,,,,
SFG,Product,Grenadine Syrup  FRUISS,1L x 6,68c626_b89b1c88b7684d93a94d797b9f784130~mv2.jpg,Algerian Products;Wholesale Orders,SFG,,0.0,,true,PERCENT,0.0,InStock,,,,,,,,,,,,,,,,,,,,,,,,,,,,,,,,,,,,,,,
SFM,Product,Mint Syrup FRUISS,1L x 6,68c626_da2055414eba4030a97964ad74600bd7~mv2.jpg,Algerian Products;Wholesale Orders,SFM,,0.0,,true,PERCENT,0.0,InStock,,,,,,,,,,,,,,,,,,,,,,,,,,,,,,,,,,,,,,,
SFO10,Product,Barley Semolina Fine 10kg,10kg X 1,acbaa7_1b1af29be24241eea2262c89ab6ea89d~mv2.jpg,Others;Semolina;Wholesale Orders,SFO10,,0.0,,true,PERCENT,0.0,InStock,,,,,,,,,,,,,,,,,,,,,,,,,,,,,,,,,,,,,,,
"SFR0,4",Product,"Pure Saffron Of Morocco ( Taliouine) L'or Rouge 0,4g X 25","0,4g X 25",acbaa7_154baa77f829411cb0b7b58ec30a8f59~mv2.jpg,Sauces Spice & Herbs;Wholesale Orders,"SFR0,4",,0.0,,true,PERCENT,0.0,InStock,,,,,,,,,,,,,,,,,,,,,,,,,,,,,,,,,,,,,,,
SG25,Product,Wheat Semolina Thick 25kg,25kg X 1,,Others;Semolina;Wholesale Orders,SG25,,0.0,,true,PERCENT,0.0,InStock,,,,,,,,,,,,,,,,,,,,,,,,,,,,,,,,,,,,,,,
SGA1kg,Product,Glucose Syrup Honey Flavor Assal 1kg,1kg X 12,acbaa7_cfa379c198a64fe681c14abf4b1facdb~mv2.jpg,Pastry Preparation;Wholesale Orders,SGA1kg,,0.0,,true,PERCENT,0.0,InStock,,,,,,,,,,,,,,,,,,,,,,,,,,,,,,,,,,,,,,,
SGA2kg,Product,Glucose Syrup Honey Flavor Assal 2kg,2kg X 8,acbaa7_4c74bfc556904e71bc19c2ec211eba90~mv2.jpg,Pastry Preparation;Wholesale Orders,SGA2kg,,0.0,,true,PERCENT,0.0,InStock,,,,,,,,,,,,,,,,,,,,,,,,,,,,,,,,,,,,,,,
SGO10,Product,Barley Semolina Thick 10kg,10kg X 1,acbaa7_5e6731e16a574be48860c1de097f8e78~mv2.jpg,Others;Semolina;Wholesale Orders,SGO10,,0.0,,true,PERCENT,0.0,InStock,,,,,,,,,,,,,,,,,,,,,,,,,,,,,,,,,,,,,,,
SHM,Product,Sauce Harissa Star Du Maroc 170g X 12,170g X 12,,Sauces & Harissa & Vinegar;Wholesale Orders,SHM,,0.0,,true,PERCENT,0.0,InStock,,,,,,,,,,,,,,,,,,,,,,,,,,,,,,,,,,,,,,,
SKL,Product,Sugar Kaleb 2 Kg X 8,2kg X 8,acbaa7_7eaa10d4cc194d68b25e017c95b2767f~mv2.jpg,Others;Wholesale Orders,SKL,,0.0,,true,PERCENT,0.0,InStock,,,,,,,,,,,,,,,,,,,,,,,,,,,,,,,,,,,,,,,
SKS1,Product,Sugar Kaleb 1 Kg X8,1kg X 8,acbaa7_4e340c43851d4879a1514e770105acd8~mv2.jpg,Others;Wholesale Orders,SKS1,,0.0,,true,PERCENT,0.0,InStock,,,,,,,,,,,,,,,,,,,,,,,,,,,,,,,,,,,,,,,
SLC,Product,Sugar Ingo Cosumar 1 Kg,1kg X 5,acbaa7_4868e01be55f46f5891ceb88220b4486~mv2.jpg,Others;Wholesale Orders,SLC,,0.0,,true,PERCENT,0.0,InStock,,,,,,,,,,,,,,,,,,,,,,,,,,,,,,,,,,,,,,,
SM1/6,Product,Salad Mechouia 135g,135g X 50,,Sauces & Harissa & Vinegar;Wholesale Orders,SM1/6,,0.0,,true,PERCENT,0.0,InStock,,,,,,,,,,,,,,,,,,,,,,,,,,,,,,,,,,,,,,,
SM25,Product,Wheat Semolina Fine 25kg,25kg X 1,,Others;Semolina;Wholesale Orders,SM25,,0.0,,true,PERCENT,0.0,InStock,,,,,,,,,,,,,,,,,,,,,,,,,,,,,,,,,,,,,,,
SMF1.5,Product,Wheat Semolina Fine 1.5kg,1.5kg X 1,,Others;Semolina;Wholesale Orders,SMF1.5,,0.0,,true,PERCENT,0.0,InStock,,,,,,,,,,,,,,,,,,,,,,,,,,,,,,,,,,,,,,,
SMG1.5,Product,Wheat Semolina Thick 1.5kg,1.5kg X 1,,Others;Semolina;Wholesale Orders,SMG1.5,,0.0,,true,PERCENT,0.0,InStock,,,,,,,,,,,,,,,,,,,,,,,,,,,,,,,,,,,,,,,
SO400g,Product,Olives Salad Oualili 400g,400g X 6,acbaa7_261174349ef04010bdbaf592c209d01e~mv2.jpg,Olives;Wholesale Orders,SO400g,,0.0,,true,PERCENT,0.0,InStock,,,,,,,,,,,,,,,,,,,,,,,,,,,,,,,,,,,,,,,
SO8kg,Product,Olives Salad Oualili 8 Kg,8kg X 1,acbaa7_96f60ec51ba24bc8a4584e8779ec0838~mv2.jpg,Olives;Wholesale Orders,SO8kg,,0.0,,true,PERCENT,0.0,InStock,,,,,,,,,,,,,,,,,,,,,,,,,,,,,,,,,,,,,,,
SOF750,Product,Barley Semolina Fine 750g,750g X 10,,Others;Semolina;Wholesale Orders,SOF750,,0.0,,true,PERCENT,0.0,InStock,,,,,,,,,,,,,,,,,,,,,,,,,,,,,,,,,,,,,,,
SOG750,Product,Barley Semolina Thick 750g,750g X 10,,Others;Semolina;Wholesale Orders,SOG750,,0.0,,true,PERCENT,0.0,InStock,,,,,,,,,,,,,,,,,,,,,,,,,,,,,,,,,,,,,,,
SPC,Product,Sugar Small Cube Cosumar 1 Kg,1kg X 5,,Others;Wholesale Orders,SPC,,0.0,,true,PERCENT,0.0,InStock,,,,,,,,,,,,,,,,,,,,,,,,,,,,,,,,,,,,,,,
SSBHT,Product,Balls Sardines With Sunflower Oil Safi,120g X 50,acbaa7_016f159a0d184c6ea2610d9ca34705cb~mv2.jpg,Sardines & Tuna;Wholesale Orders,SSBHT,,0.0,,true,PERCENT,0.0,InStock,,,,,,,,,,,,,,,,,,,,,,,,,,,,,,,,,,,,,,,
SSBST,Product,Balls De Sardines With Tomato Sauce Safi,120g X 50,acbaa7_9f553982502341f087794434423fa3f3~mv2.jpg,Sardines & Tuna;Wholesale Orders,SSBST,,0.0,,true,PERCENT,0.0,InStock,,,,,,,,,,,,,,,,,,,,,,,,,,,,,,,,,,,,,,,
SSE100,Product,Paté Of Sardines With Cumin Essaouirade,100g X 24,acbaa7_c2d69530f4a94e9f969295410acb2078~mv2.jpg,Sardines & Tuna;Wholesale Orders,SSE100,,0.0,,true,PERCENT,0.0,InStock,,,,,,,,,,,,,,,,,,,,,,,,,,,,,,,,,,,,,,,
SSHP120,Product,Safi Sardines With Sunflwer Oil & Chili Pepper,125g X 50,acbaa7_2a858ac11739459da78960fc9d068e8b~mv2.jpg,Sardines & Tuna;Wholesale Orders,SSHP120,,0.0,,true,PERCENT,0.0,InStock,,,,,,,,,,,,,,,,,,,,,,,,,,,,,,,,,,,,,,,
SSHT120,Product,Safi Sardines With Sunflower Oil,125g X 50,acbaa7_bec3195fad8247a4ba79cc4bb1e05ef4~mv2.jpg,Sardines & Tuna;Wholesale Orders,SSHT120,,0.0,,true,PERCENT,0.0,InStock,,,,,,,,,,,,,,,,,,,,,,,,,,,,,,,,,,,,,,,
SSLC,Product,Sugar Ingo Sultan 1 Kg,1kg X 5,acbaa7_0c0ba4e08b3443e5a13cfcd0f9488eee~mv2.jpg,Others;Wholesale Orders,SSLC,,0.0,,true,PERCENT,0.0,InStock,,,,,,,,,,,,,,,,,,,,,,,,,,,,,,,,,,,,,,,
SSST120,Product,Safi Sardines With Tomato Sauce,125g X 50,acbaa7_9b07fb08e36a47a49d8a332a99855e91~mv2.jpg,Sardines & Tuna;Wholesale Orders,SSST120,,0.0,,true,PERCENT,0.0,InStock,,,,,,,,,,,,,,,,,,,,,,,,,,,,,,,,,,,,,,,
STAD500,Product,Andalusian Sauce,500ml X 12,acbaa7_72781bde624d4601975f27ff99a6f4ca~mv2.jpg,TAYEB Brand;Wholesale Orders,STAD500,,0.0,,true,PERCENT,0.0,InStock,,,,,,,,,,,,,,,,,,,,,,,,,,,,,,,,,,,,,,,
STAL500,Product,Algerian Sauce Tayeb 500 Ml,500ml X 12,acbaa7_05b659096d284a48a15537b1cfa709b8~mv2.jpg,TAYEB Brand;Wholesale Orders,STAL500,,0.0,,true,PERCENT,0.0,InStock,,,,,,,,,,,,,,,,,,,,,,,,,,,,,,,,,,,,,,,
STBRG500,Product,Burger Sauce Tayeb 500 Ml,500ml X 12,acbaa7_2bc33a34934b4f69a167555fe4cb5335~mv2.jpg,TAYEB Brand;Wholesale Orders,STBRG500,,0.0,,true,PERCENT,0.0,InStock,,,,,,,,,,,,,,,,,,,,,,,,,,,,,,,,,,,,,,,
STMAR500,Product,Moroccan Sauce Tayeb 500 Ml,500ml X 12,acbaa7_ba0f76668edb4e4a89ee48ba38c50584~mv2.jpg,TAYEB Brand;Wholesale Orders,STMAR500,,0.0,,true,PERCENT,0.0,InStock,,,,,,,,,,,,,,,,,,,,,,,,,,,,,,,,,,,,,,,
SVAR360g,Product,Soap Arial 375g X 16,375g X 16,acbaa7_484f92aa0a804a6987c892343e74e1c4~mv2.jpg,Laundry soap;Wholesale Orders,SVAR360g,,0.0,,true,PERCENT,0.0,InStock,,,,,,,,,,,,,,,,,,,,,,,,,,,,,,,,,,,,,,,
SVDAJ100,Product,Marseille Soap With Argan And Orange Blossom Doussy,(100g X 4) X 24,acbaa7_b544961bd8d643af86c58d566be8e231~mv2.jpg,Body Care;Wholesale Orders,SVDAJ100,,0.0,,true,PERCENT,0.0,InStock,,,,,,,,,,,,,,,,,,,,,,,,,,,,,,,,,,,,,,,
SVDHO100,Product,Marseille Soap With Olive Oil Doussy,(100g X 4) X 24,acbaa7_109064cdc6344de7bcd36e9bef787d7c~mv2.jpg,Body Care;Wholesale Orders,SVDHO100,,0.0,,true,PERCENT,0.0,InStock,,,,,,,,,,,,,,,,,,,,,,,,,,,,,,,,,,,,,,,
SVDJK100,Product,Marseille Soap With Jasmin And Shea Butter Doussy,(100g X 4) X 24,acbaa7_8095d7426d8d4ecb9583ff77a40162f6~mv2.jpg,Body Care;Wholesale Orders,SVDJK100,,0.0,,true,PERCENT,0.0,InStock,,,,,,,,,,,,,,,,,,,,,,,,,,,,,,,,,,,,,,,
SVDL100,Product,Marseille Soap With Lavender Doussy,(100g X 4) X 24,acbaa7_521caaa3832a409b809d610491b9e354~mv2.jpg,Body Care;Wholesale Orders,SVDL100,,0.0,,true,PERCENT,0.0,InStock,,,,,,,,,,,,,,,,,,,,,,,,,,,,,,,,,,,,,,,
SVDM100,Product,Marseille Soap With Honey Doussy,(100g X 4) X 24,acbaa7_2ac9aeb72beb4688bb19eab0101549f7~mv2.jpg,Body Care;Wholesale Orders,SVDM100,,0.0,,true,PERCENT,0.0,InStock,,,,,,,,,,,,,,,,,,,,,,,,,,,,,,,,,,,,,,,
SVDN100,Product,Natural Marseille Soap Doussy,(100g X 4) X 24,acbaa7_6256ecfe5e924c23b67510914c738cb2~mv2.jpg,Body Care;Wholesale Orders,SVDN100,,0.0,,true,PERCENT,0.0,InStock,,,,,,,,,,,,,,,,,,,,,,,,,,,,,,,,,,,,,,,
SVG250,Product,Ghassoul Soap 250g X 48,250g X 48,acbaa7_1fc47ea5c2d94bb29e21ca2aa82496ff~mv2.jpg,Body Care;Wholesale Orders,SVG250,,0.0,,true,PERCENT,0.0,InStock,,,,,,,,,,,,,,,,,,,,,,,,,,,,,,,,,,,,,,,
SVG50g,Product,Ghassoul Soap 50g X 100,50g X 100,acbaa7_8e6ea0752a2d421eb2224d9ed3bbbd84~mv2.jpg,Body Care;Wholesale Orders,SVG50g,,0.0,,true,PERCENT,0.0,InStock,,,,,,,,,,,,,,,,,,,,,,,,,,,,,,,,,,,,,,,
SVGSE,Product,Ghassoul Scales 200g,200g X 24,acbaa7_e30f83c2ff80425eb5c40ba15e276e37~mv2.jpg,Body Care;Wholesale Orders,SVGSE,,0.0,,true,PERCENT,0.0,InStock,,,,,,,,,,,,,,,,,,,,,,,,,,,,,,,,,,,,,,,
SVGSP,Product,Ghassoul Powder 250g,250g X 24,acbaa7_31c4e9308c4447199e42d87a123e2233~mv2.jpg,Body Care;Wholesale Orders,SVGSP,,0.0,,true,PERCENT,0.0,InStock,,,,,,,,,,,,,,,,,,,,,,,,,,,,,,,,,,,,,,,
SVI10,Product,Vanilla Sugar 10 Bags Ideal 80g,(7.5g X 10) X 48,,Pastry Preparation;Wholesale Orders,SVI10,,0.0,,true,PERCENT,0.0,InStock,,,,,,,,,,,,,,,,,,,,,,,,,,,,,,,,,,,,,,,
SVI100,Product,Vanilla Sugar 100 Bags Ideal 75g,7.5g X 100,acbaa7_e21913c236c94718b4f4c497adbc3ae2~mv2.jpg,Pastry Preparation;Wholesale Orders,SVI100,,0.0,,true,PERCENT,0.0,InStock,,,,,,,,,,,,,,,,,,,,,,,,,,,,,,,,,,,,,,,
SVK250g,Product,Soap El Kaf (250g X 5) X 12,(250g X 5) X 12,acbaa7_da794ae7f6984773aa278a871528c0f8~mv2.jpg,Laundry soap;Wholesale Orders,SVK250g,,0.0,,true,PERCENT,0.0,InStock,,,,,,,,,,,,,,,,,,,,,,,,,,,,,,,,,,,,,,,
SVKP375,Product,Soap El Kaf Powder 375g X 16,375 G X 16,acbaa7_c2566d3b0d704b21a523084105ba593f~mv2.jpg,Laundry soap;Wholesale Orders,SVKP375,,0.0,,true,PERCENT,0.0,InStock,,,,,,,,,,,,,,,,,,,,,,,,,,,,,,,,,,,,,,,
SVKPC500,Product,Soap El Kaf Pasta Lemon 500g X 24,500g X 24,acbaa7_0d0288de7711436abcf9f3dedb75905e~mv2.jpg,Laundry soap;Wholesale Orders,SVKPC500,,0.0,,true,PERCENT,0.0,InStock,,,,,,,,,,,,,,,,,,,,,,,,,,,,,,,,,,,,,,,
SVKPL500,Product,Soap El Kaf Pasta Lavander 500g X 24,500g X 24,acbaa7_975aa7ec77b84fcfa151bdedacf23deb~mv2.jpg,Laundry soap;Wholesale Orders,SVKPL500,,0.0,,true,PERCENT,0.0,InStock,,,,,,,,,,,,,,,,,,,,,,,,,,,,,,,,,,,,,,,
SVMN,Product,Soap El Menjel 250g X 12,250g X 12,acbaa7_81438372c57946f980b3bfce16958fa1~mv2.jpg,Body Care;Wholesale Orders,SVMN,,0.0,,true,PERCENT,0.0,InStock,,,,,,,,,,,,,,,,,,,,,,,,,,,,,,,,,,,,,,,
SVNAF250gx24,Product,Black Soap (beldi) - Argan & Orange Blossom 250g,250g X 24,acbaa7_bc8c8cec759b421090f63da408f19207~mv2.jpg,Body Care;Wholesale Orders,SVNAF250gx24,,0.0,,true,PERCENT,0.0,InStock,,,,,,,,,,,,,,,,,,,,,,,,,,,,,,,,,,,,,,,
SVNE250gx24,Product,Black Soap (beldi) - Eucalyptus 250g,250g X 24,acbaa7_f0ba4216feae4b4095b2aa7aab953ad7~mv2.jpg,Body Care;Wholesale Orders,SVNE250gx24,,0.0,,true,PERCENT,0.0,InStock,,,,,,,,,,,,,,,,,,,,,,,,,,,,,,,,,,,,,,,
SVNGR250gx24,Product,Black Soap (beldi) - Ghassoul & Rosemary 250g,250g X 24,acbaa7_d800b59c84e24aca909a1fbe5ecd817c~mv2.jpg,Body Care;Wholesale Orders,SVNGR250gx24,,0.0,,true,PERCENT,0.0,InStock,,,,,,,,,,,,,,,,,,,,,,,,,,,,,,,,,,,,,,,
SVNO250gx24,Product,Black Soap (beldi) - Olive 250g,250g X 24,acbaa7_38ad6c3a5ab3406281e1e56377114df2~mv2.jpg,Body Care;Wholesale Orders,SVNO250gx24,,0.0,,true,PERCENT,0.0,InStock,,,,,,,,,,,,,,,,,,,,,,,,,,,,,,,,,,,,,,,
SVNT125g,Product,Naturel Soap Taous (125g X 4) X 24,(125g X 4) X 24,acbaa7_f863c5b8dea64b4097e58beee4df0e0c~mv2.jpg,Body Care;Wholesale Orders,SVNT125g,,0.0,,true,PERCENT,0.0,InStock,,,,,,,,,,,,,,,,,,,,,,,,,,,,,,,,,,,,,,,
SVOM360g,Product,Soap Omo 375g X 16,375g X 16,acbaa7_4ea44edde031416d811acd2af78b79b2~mv2.jpg,Laundry soap;Wholesale Orders,SVOM360g,,0.0,,true,PERCENT,0.0,InStock,,,,,,,,,,,,,,,,,,,,,,,,,,,,,,,,,,,,,,,
TAG022MC,Product,Tajine 22 Cm Multi-colors,22cm X 1,acbaa7_3f848ef8785345bfa14209ac708a481e~mv2.jpg,Kitchen items;Wholesale Orders,TAG022MC,,0.0,,true,PERCENT,0.0,InStock,,,,,,,,,,,,,,,,,,,,,,,,,,,,,,,,,,,,,,,
TAG025MC,Product,Tajine 25 Cm Multi-colors,25cm X 1,,Kitchen items;Wholesale Orders,TAG025MC,,0.0,,true,PERCENT,0.0,InStock,,,,,,,,,,,,,,,,,,,,,,,,,,,,,,,,,,,,,,,
TAG030MC,Product,Tajine 30 Cm Multi-colors,30cm X 1,,Kitchen items;Wholesale Orders,TAG030MC,,0.0,,true,PERCENT,0.0,InStock,,,,,,,,,,,,,,,,,,,,,,,,,,,,,,,,,,,,,,,
TAG035MC,Product,Tajine 35 Cm Multi-colors,35cm X 1,,Kitchen items;Wholesale Orders,TAG035MC,,0.0,,true,PERCENT,0.0,InStock,,,,,,,,,,,,,,,,,,,,,,,,,,,,,,,,,,,,,,,
TAG040MC,Product,Tajine 40 Cm Multi-colors,40cm X 1,,Kitchen items;Wholesale Orders,TAG040MC,,0.0,,true,PERCENT,0.0,InStock,,,,,,,,,,,,,,,,,,,,,,,,,,,,,,,,,,,,,,,
TAG22,Product,Tajine 22 Cm Simple,22cm X 1,acbaa7_706091c6d01e4d62977c6e7b80e7196c~mv2.jpg,Kitchen items;Wholesale Orders,TAG22,,0.0,,true,PERCENT,0.0,InStock,,,,,,,,,,,,,,,,,,,,,,,,,,,,,,,,,,,,,,,
TAG25,Product,Tajine 25 Cm Simple,25cm X 1,,Kitchen items;Wholesale Orders,TAG25,,0.0,,true,PERCENT,0.0,InStock,,,,,,,,,,,,,,,,,,,,,,,,,,,,,,,,,,,,,,,
TAG30,Product,Tajine 30 Cm Simple,30cm X 1,,Kitchen items;Wholesale Orders,TAG30,,0.0,,true,PERCENT,0.0,InStock,,,,,,,,,,,,,,,,,,,,,,,,,,,,,,,,,,,,,,,
TAG35,Product,Tajine 35 Cm Simple,35cm X 1,,Kitchen items;Wholesale Orders,TAG35,,0.0,,true,PERCENT,0.0,InStock,,,,,,,,,,,,,,,,,,,,,,,,,,,,,,,,,,,,,,,
TAG40,Product,Tajine 40 Cm Simple,40cm X 1,,Kitchen items;Wholesale Orders,TAG40,,0.0,,true,PERCENT,0.0,InStock,,,,,,,,,,,,,,,,,,,,,,,,,,,,,,,,,,,,,,,
TCESMC20S,Product,Black Tea Moroccan Chai Sultan,20 Sachets X 24,acbaa7_13e5670f6ca6428da9dfc22acec1e629~mv2.jpg,Teas;Wholesale Orders,TCESMC20S,,0.0,,true,PERCENT,0.0,InStock,,,,,,,,,,,,,,,,,,,,,,,,,,,,,,,,,,,,,,,
TCESMG20S,Product,Black Tea Mint Grey (mint & Bergamot) Sultan,20 Sachets X 24,acbaa7_36cee1a5cb5c4f56adbafa2bb9e6fbfa~mv2.jpg,Teas;Wholesale Orders,TCESMG20S,,0.0,,true,PERCENT,0.0,InStock,,,,,,,,,,,,,,,,,,,,,,,,,,,,,,,,,,,,,,,
TH20GP125,Product,Gun Powder Tea GREEN HOUSE 125g,125g x 80,,Teas;Wholesale Orders,TH20GP125,,0.0,,true,PERCENT,0.0,InStock,,,,,,,,,,,,,,,,,,,,,,,,,,,,,,,,,,,,,,,
TH20GP1KG,Product,Gun Powder Tea Green House 1kg,1kg X 20,acbaa7_4b318733da0f48a8817790e2dc388387~mv2.jpg,Teas;Wholesale Orders,TH20GP1KG,,0.0,,true,PERCENT,0.0,InStock,,,,,,,,,,,,,,,,,,,,,,,,,,,,,,,,,,,,,,,
TH20GP250,Product,Gun Powder Tea Green House 250g,250g X 80,,Teas;Wholesale Orders,TH20GP250,,0.0,,true,PERCENT,0.0,InStock,,,,,,,,,,,,,,,,,,,,,,,,,,,,,,,,,,,,,,,
TH20GP500,Product,Gun Powder Tea Green House 500g,500g X 40,,Teas;Wholesale Orders,TH20GP500,,0.0,,true,PERCENT,0.0,InStock,,,,,,,,,,,,,,,,,,,,,,,,,,,,,,,,,,,,,,,
THASHV,Product,Tuna With Soja Oil Sara (pack 3),(3 X 80g) X 32,68c626_c7439892d1fe4c0cbc67406efc09e9b4~mv2.jpg,Algerian Products;Wholesale Orders,THASHV,,0.0,,true,PERCENT,0.0,InStock,,,,,,,,,,,,,,,,,,,,,,,,,,,,,,,,,,,,,,,
THASST,Product,Tuna With Tomato Sauce Sara (pack 3),(3 X 80g) X 32,68c626_528983247e9249a28a94f140cccea29c~mv2.jpg,Algerian Products;Wholesale Orders,THASST,,0.0,,true,PERCENT,0.0,InStock,,,,,,,,,,,,,,,,,,,,,,,,,,,,,,,,,,,,,,,
THI14,Product,Tea Pot 14 (1 Person),Chaque,,Kitchen items;Wholesale Orders,THI14,,0.0,,true,PERCENT,0.0,InStock,,,,,,,,,,,,,,,,,,,,,,,,,,,,,,,,,,,,,,,
THI18,Product,Tea Pot 18 (2 People),Chaque,,Kitchen items;Wholesale Orders,THI18,,0.0,,true,PERCENT,0.0,InStock,,,,,,,,,,,,,,,,,,,,,,,,,,,,,,,,,,,,,,,
THI19,Product,Tea Pot 19 (4 People),Chaque,,Kitchen items;Wholesale Orders,THI19,,0.0,,true,PERCENT,0.0,InStock,,,,,,,,,,,,,,,,,,,,,,,,,,,,,,,,,,,,,,,
THI25,Product,Tea Pot 25 (6 People),Chaque,,Kitchen items;Wholesale Orders,THI25,,0.0,,true,PERCENT,0.0,InStock,,,,,,,,,,,,,,,,,,,,,,,,,,,,,,,,,,,,,,,
THI26,Product,Tea Pot 26 (6 People),Chaque,acbaa7_4265fe5641b9488cb2a9b321a70b8abf~mv2.jpg,Kitchen items;Wholesale Orders,THI26,,0.0,,true,PERCENT,0.0,InStock,,,,,,,,,,,,,,,,,,,,,,,,,,,,,,,,,,,,,,,
THI70,Product,Tea Pot 70 (10 People),Chaque,acbaa7_eae9718b20d44f7cb918198a5de668e6~mv2.jpg,Kitchen items;Wholesale Orders,THI70,,0.0,,true,PERCENT,0.0,InStock,,,,,,,,,,,,,,,,,,,,,,,,,,,,,,,,,,,,,,,
THI75,Product,Tea Pot 75 (10 People),Chaque,,Kitchen items;Wholesale Orders,THI75,,0.0,,true,PERCENT,0.0,InStock,,,,,,,,,,,,,,,,,,,,,,,,,,,,,,,,,,,,,,,
THIES,Product,Tea Pot Gloves,1 X 10,acbaa7_01c14a4ae95a44edb7191c54b4768002~mv2.jpg,Others;Wholesale Orders,THIES,,0.0,,true,PERCENT,0.0,InStock,,,,,,,,,,,,,,,,,,,,,,,,,,,,,,,,,,,,,,,
THINOX12,Product,Tea Pot Inox 1.2 L,Chaque,,Kitchen items;Wholesale Orders,THINOX12,,0.0,,true,PERCENT,0.0,InStock,,,,,,,,,,,,,,,,,,,,,,,,,,,,,,,,,,,,,,,
THINOX16,Product,Tea Pot Inox 1.6 L,Chaque,,Kitchen items;Wholesale Orders,THINOX16,,0.0,,true,PERCENT,0.0,InStock,,,,,,,,,,,,,,,,,,,,,,,,,,,,,,,,,,,,,,,
THINOX7,Product,Tea Pot Inox 0.7,Chaque,acbaa7_34dfb0e32b1e4d8f832e5b9e6419b4eb~mv2.jpg,Kitchen items;Wholesale Orders,THINOX7,,0.0,,true,PERCENT,0.0,InStock,,,,,,,,,,,,,,,,,,,,,,,,,,,,,,,,,,,,,,,
THSHO,Product,Tuna With Olive Oil Safi (pack 3),(3 X 80g) X 16,acbaa7_412bb47ea4f2437da635a7939a91dc6c~mv2.jpg,Sardines & Tuna;Wholesale Orders,THSHO,,0.0,,true,PERCENT,0.0,InStock,,,,,,,,,,,,,,,,,,,,,,,,,,,,,,,,,,,,,,,
THSHT,Product,Tuna With Sunflower Oil Safi (pack 3),(3 X 80g) X 16,acbaa7_fcd383683a9540ebb506892d575b6058~mv2.jpg,Sardines & Tuna;Wholesale Orders,THSHT,,0.0,,true,PERCENT,0.0,InStock,,,,,,,,,,,,,,,,,,,,,,,,,,,,,,,,,,,,,,,
THSHTP,Product,Tuna With Sunflwer Oil & Chili Pepper Safi (pack 3),(3 X 80g) X 16,acbaa7_14f8edf8cc2646c3a08f3823e5f67d3f~mv2.jpg,Sardines & Tuna;Wholesale Orders,THSHTP,,0.0,,true,PERCENT,0.0,InStock,,,,,,,,,,,,,,,,,,,,,,,,,,,,,,,,,,,,,,,
THSST,Product,Tuna With Tomato Sauce Safi (pack 3),(3 X 80g) X 16,68c626_c08a478b56a549dab40e4198af9e60b6~mv2.png,Sardines & Tuna;Wholesale Orders,THSST,,0.0,,true,PERCENT,0.0,InStock,,,,,,,,,,,,,,,,,,,,,,,,,,,,,,,,,,,,,,,
THSSTP,Product,Tuna With Hot Tomato Sauce Safi (pack 3),(3 X 80g) X 16,acbaa7_7680fb79b2e74950b9648be372776506~mv2.jpg,Sardines & Tuna;Wholesale Orders,THSSTP,,0.0,,true,PERCENT,0.0,InStock,,,,,,,,,,,,,,,,,,,,,,,,,,,,,,,,,,,,,,,
TN25,Product,Tajine 25 Cm Nature,25cm X 1,acbaa7_7e2a033eb42347328cef5c024c0c1522~mv2.jpg,Kitchen items;Wholesale Orders,TN25,,0.0,,true,PERCENT,0.0,InStock,,,,,,,,,,,,,,,,,,,,,,,,,,,,,,,,,,,,,,,
TN30,Product,Tajine 30 Cm Nature,30cm X 1,,Kitchen items;Wholesale Orders,TN30,,0.0,,true,PERCENT,0.0,InStock,,,,,,,,,,,,,,,,,,,,,,,,,,,,,,,,,,,,,,,
TN35,Product,Tajine 35 Cm Nature,35cm X 1,,Kitchen items;Wholesale Orders,TN35,,0.0,,true,PERCENT,0.0,InStock,,,,,,,,,,,,,,,,,,,,,,,,,,,,,,,,,,,,,,,
TSAR20s,Product,Herbal Tea After Meals Sultan 28g,20 Sachets X 10,acbaa7_db4526222d36456faa87e68aeaf5c58b~mv2.jpg,Teas;Wholesale Orders,TSAR20s,,0.0,,true,PERCENT,0.0,InStock,,,,,,,,,,,,,,,,,,,,,,,,,,,,,,,,,,,,,,,
TSBN20S,Product,Herbal Tea Good Night Sultan 28g,20 Sachets X 10,acbaa7_457a0a9a6d05495ba613b64b37461b23~mv2.jpg,Teas;Wholesale Orders,TSBN20S,,0.0,,true,PERCENT,0.0,InStock,,,,,,,,,,,,,,,,,,,,,,,,,,,,,,,,,,,,,,,
TSBTM20S,Product,Authentic Moroccan Mint Tea 28g,20 Sachets X 10,acbaa7_082ea33061a84b49a736ba4f4976b369~mv2.jpg,Teas;Wholesale Orders,TSBTM20S,,0.0,,true,PERCENT,0.0,InStock,,,,,,,,,,,,,,,,,,,,,,,,,,,,,,,,,,,,,,,
TSCA,Product,Herbal Tea Pure Camomile Of Rif Sultan 28g,20 Sachets X 10,acbaa7_722821f824624f60b6ccaee165f11d3f~mv2.jpg,Teas;Wholesale Orders,TSCA,,0.0,,true,PERCENT,0.0,InStock,,,,,,,,,,,,,,,,,,,,,,,,,,,,,,,,,,,,,,,
TSHA20S,Product,Atlas Green Tea With Oregan,20 Sachets X 10,acbaa7_6a28aa481d594bcc815e7cdea9ba81a7~mv2.jpg,Teas;Wholesale Orders,TSHA20S,,0.0,,true,PERCENT,0.0,InStock,,,,,,,,,,,,,,,,,,,,,,,,,,,,,,,,,,,,,,,
TSHM20S,Product,Green Tea Marrekech With Mint & Sage 28 G,20 Sachets X 10,acbaa7_5f214b42460542618239b1eb2a62792e~mv2.jpg,Teas;Wholesale Orders,TSHM20S,,0.0,,true,PERCENT,0.0,InStock,,,,,,,,,,,,,,,,,,,,,,,,,,,,,,,,,,,,,,,
TSHMG,Product,Green Tea With Jasmin Modador Sultan 28g,20 Sachets X 10,acbaa7_4591e04d064548a89dc508b2c7fa4ce8~mv2.jpg,Teas;Wholesale Orders,TSHMG,,0.0,,true,PERCENT,0.0,InStock,,,,,,,,,,,,,,,,,,,,,,,,,,,,,,,,,,,,,,,
TSHT20S,Product,Tiznit Green Tea 28g,20 Sachets X 10,acbaa7_494fdda54a644a018f637d017cbac41a~mv2.jpg,Teas;Wholesale Orders,TSHT20S,,0.0,,true,PERCENT,0.0,InStock,,,,,,,,,,,,,,,,,,,,,,,,,,,,,,,,,,,,,,,
TSmN,Product,Herbal Tea Pure Mint Of Tiznit Sultan 28g,20 Sachets X 10,acbaa7_4d63b04471e74cb7a3eaf990b8ccf1a3~mv2.jpg,Teas;Wholesale Orders,TSmN,,0.0,,true,PERCENT,0.0,InStock,,,,,,,,,,,,,,,,,,,,,,,,,,,,,,,,,,,,,,,
TSOR,Product,Herbal Tea Pure Oregano Of Atlas Sultan 28g,20 Sachets X 10,acbaa7_f94d4752eeb14a92941da71f0672eca8~mv2.jpg,Teas;Wholesale Orders,TSOR,,0.0,,true,PERCENT,0.0,InStock,,,,,,,,,,,,,,,,,,,,,,,,,,,,,,,,,,,,,,,
TSPCG,Product,Green Tea Casa Grey( Mint & Bergamot) Sultan 15s,15 Sachets X 10,acbaa7_3048ef0aa0b848019d71e424dee79f57~mv2.jpg,Teas;Wholesale Orders,TSPCG,,0.0,,true,PERCENT,0.0,InStock,,,,,,,,,,,,,,,,,,,,,,,,,,,,,,,,,,,,,,,
TSPD20s,Product,Herbal Tea Moment Of Relaxation Sultan 28g,20 Sachets X 10,acbaa7_4dd573c50bb04605800fcc563f82d387~mv2.jpg,Teas;Wholesale Orders,TSPD20s,,0.0,,true,PERCENT,0.0,InStock,,,,,,,,,,,,,,,,,,,,,,,,,,,,,,,,,,,,,,,
TSPDA,Product,Green Tea Almond Sweetness(almonds & Orange Blossom) Sultan 15s,15 Sachets X 10,acbaa7_4ebfe3aca13a4137bc46f7ee04e815e0~mv2.jpg,Teas;Wholesale Orders,TSPDA,,0.0,,true,PERCENT,0.0,InStock,,,,,,,,,,,,,,,,,,,,,,,,,,,,,,,,,,,,,,,
TSPDM,Product,Marrakech Sweetness (black Tea & Orange & Cinnamon) Sultan 15s,15 Sachets X 10,acbaa7_2b72f24092c14e489123d8854b4ff432~mv2.jpg,Teas;Wholesale Orders,TSPDM,,0.0,,true,PERCENT,0.0,InStock,,,,,,,,,,,,,,,,,,,,,,,,,,,,,,,,,,,,,,,
TSPGC,Product,Green Chai (green Tea & Oriental Spices) Sultan 15s,15 Sachets X 10,acbaa7_b55a542ba8c54bc9b718f6ee6130ee56~mv2.jpg,Teas;Wholesale Orders,TSPGC,,0.0,,true,PERCENT,0.0,InStock,,,,,,,,,,,,,,,,,,,,,,,,,,,,,,,,,,,,,,,
TSPGT,Product,Green Tonic (green Tea &ginger & Lemongrass & Ginseng) Sultan 15s,15 Sachets X 10,acbaa7_25eaacf2c6044cd78a22b455b69a20b6~mv2.jpg,Teas;Wholesale Orders,TSPGT,,0.0,,true,PERCENT,0.0,InStock,,,,,,,,,,,,,,,,,,,,,,,,,,,,,,,,,,,,,,,
TSSL20S,Product,Herbal Silhouette 28 G,20 Sachets X 10,acbaa7_a12f496e25fe4b92afacbd198cd78aa1~mv2.jpg,Teas;Wholesale Orders,TSSL20S,,0.0,,true,PERCENT,0.0,InStock,,,,,,,,,,,,,,,,,,,,,,,,,,,,,,,,,,,,,,,
TSV20S,Product,Herbal Tea Pure Verbena Of Marrakesh Sultan 28g,20 Sachets X 10,68c626_22ceb4cbfa5d441c867ea1122dacea82~mv2.png,Teas;Wholesale Orders,TSV20S,,0.0,,true,PERCENT,0.0,InStock,,,,,,,,,,,,,,,,,,,,,,,,,,,,,,,,,,,,,,,
TTBD25,Product,Tajine Tayeb 25 Cm - Domed Muli-colors,25cm X 1,acbaa7_0c78612c8e52435e99cf44b4ee6c1371~mv2.jpg,Kitchen items;Wholesale Orders,TTBD25,,0.0,,true,PERCENT,0.0,InStock,,,,,,,,,,,,,,,,,,,,,,,,,,,,,,,,,,,,,,,
TTBD30,Product,Tajine Tayeb 30 Cm - Domed Muli-colors,30cm X 1,,Kitchen items;Wholesale Orders,TTBD30,,0.0,,true,PERCENT,0.0,InStock,,,,,,,,,,,,,,,,,,,,,,,,,,,,,,,,,,,,,,,
TTBD35,Product,Tajine Tayeb 35 Cm - Domed Muli-colors,35cm X 1,,Kitchen items;Wholesale Orders,TTBD35,,0.0,,true,PERCENT,0.0,InStock,,,,,,,,,,,,,,,,,,,,,,,,,,,,,,,,,,,,,,,
TTBD40,Product,Tajine Tayeb 40 Cm - Domed Muli-colors,40cm X 1,,Kitchen items;Wholesale Orders,TTBD40,,0.0,,true,PERCENT,0.0,InStock,,,,,,,,,,,,,,,,,,,,,,,,,,,,,,,,,,,,,,,
TTBN25,Product,Tajine Tayeb 25 Cm - Domed Nature,25cm X 1,,Kitchen items;Wholesale Orders,TTBN25,,0.0,,true,PERCENT,0.0,InStock,,,,,,,,,,,,,,,,,,,,,,,,,,,,,,,,,,,,,,,
TTBN30,Product,Tajine Tayeb 30 Cm - Domed Nature,30cm X 1,acbaa7_9c92b04c1cb9416ba3689d4f3fb69655~mv2.jpg,Kitchen items;Wholesale Orders,TTBN30,,0.0,,true,PERCENT,0.0,InStock,,,,,,,,,,,,,,,,,,,,,,,,,,,,,,,,,,,,,,,
TTBN35,Product,Tajine Tayeb 35 Cm - Domed Nature,35cm X 1,,Kitchen items;Wholesale Orders,TTBN35,,0.0,,true,PERCENT,0.0,InStock,,,,,,,,,,,,,,,,,,,,,,,,,,,,,,,,,,,,,,,
TTCD25,Product,Tajine Tayeb 25 Cm - Conical Muli-colors,25cm X 1,68c626_e53062a6aada46449e37709abd36d835~mv2.png,Kitchen items;Wholesale Orders,TTCD25,,0.0,,true,PERCENT,0.0,InStock,,,,,,,,,,,,,,,,,,,,,,,,,,,,,,,,,,,,,,,
TTCD30,Product,Tajine Tayeb 30 Cm - Conical Muli-colors,30cm X 1,,Kitchen items;Wholesale Orders,TTCD30,,0.0,,true,PERCENT,0.0,InStock,,,,,,,,,,,,,,,,,,,,,,,,,,,,,,,,,,,,,,,
TTCD35,Product,Tajine Tayeb 35 Cm - Conical Muli-colors,35cm X 1,,Kitchen items;Wholesale Orders,TTCD35,,0.0,,true,PERCENT,0.0,InStock,,,,,,,,,,,,,,,,,,,,,,,,,,,,,,,,,,,,,,,
TTCD40,Product,Tajine Tayeb 40 Cm - Conical Muli-colors,40cm X 1,acbaa7_e24b31688e7142a69e6addbaacb24b17~mv2.jpg,Kitchen items;Wholesale Orders,TTCD40,,0.0,,true,PERCENT,0.0,InStock,,,,,,,,,,,,,,,,,,,,,,,,,,,,,,,,,,,,,,,
TVSA100g,Product,Green Tea Sultan Ambar 100g,100g X 120,68c626_88087bfcbc034273b51ffc22b07bd2e2~mv2.jpg,Teas;Wholesale Orders,TVSA100g,,0.0,,true,PERCENT,0.0,InStock,,,,,,,,,,,,,,,,,,,,,,,,,,,,,,,,,,,,,,,
TVSA200g,Product,Green Tea Sultan Anbar 200g,200g X 60,acbaa7_924094c7c68e4d4e92e12db660a78e80~mv2.jpg,Teas;Wholesale Orders,TVSA200g,,0.0,,true,PERCENT,0.0,InStock,,,,,,,,,,,,,,,,,,,,,,,,,,,,,,,,,,,,,,,
TVSA500G,Product,Green Tea Sultan Anbar 500 G,500g X 24,acbaa7_a49bfc586e4d4a0f80ed46e9faffdadb~mv2.jpg,Teas;Wholesale Orders,TVSA500G,,0.0,,true,PERCENT,0.0,InStock,,,,,,,,,,,,,,,,,,,,,,,,,,,,,,,,,,,,,,,
TVSAH200,Product,Green Tea Sultan Al Hiba 200 G,200g X 60,acbaa7_1049961ce5c14f749209bd7bc9f13f43~mv2.jpg,Teas;Wholesale Orders,TVSAH200,,0.0,,true,PERCENT,0.0,InStock,,,,,,,,,,,,,,,,,,,,,,,,,,,,,,,,,,,,,,,
TVSAS200G,Product,Green Tea Sultan Assala 200g,200g X 60,acbaa7_73269840c5bf49048247e06fd73b8ccd~mv2.jpg,Teas;Wholesale Orders,TVSAS200G,,0.0,,true,PERCENT,0.0,InStock,,,,,,,,,,,,,,,,,,,,,,,,,,,,,,,,,,,,,,,
TVSAT200G,Product,Green Tea Sultan Atik 200g,200g X 60,acbaa7_dd298bdbba8d48ca999ad1fdd698cb91~mv2.jpg,Teas;Wholesale Orders,TVSAT200G,,0.0,,true,PERCENT,0.0,InStock,,,,,,,,,,,,,,,,,,,,,,,,,,,,,,,,,,,,,,,
TVSBH200G,Product,Green Tea Sultan Bahia 200g,200g X 60,acbaa7_0e2c313791064572b974851631a9e42a~mv2.jpg,Teas;Wholesale Orders,TVSBH200G,,0.0,,true,PERCENT,0.0,InStock,,,,,,,,,,,,,,,,,,,,,,,,,,,,,,,,,,,,,,,
TVSBJ200G,Product,Green Tea Sultan Bahia Jasmin 200g,200g X 30,acbaa7_d6fa69c879844388b83b2abec44896da~mv2.jpg,Teas;Wholesale Orders,TVSBJ200G,,0.0,,true,PERCENT,0.0,InStock,,,,,,,,,,,,,,,,,,,,,,,,,,,,,,,,,,,,,,,
TVSHA115G,Product,Green Tea Hospitalité De L'atlas Sultan 115g,115g X 24,acbaa7_6626cd6fcfe24ea897f3f8726f724217~mv2.jpg,Teas;Wholesale Orders,TVSHA115G,,0.0,,true,PERCENT,0.0,InStock,,,,,,,,,,,,,,,,,,,,,,,,,,,,,,,,,,,,,,,
TVSHM115G,Product,Green Tea Hospitalité De Marrakech Sultan 115g,115g X 24,acbaa7_14d8c224276f46dea7a25f1524f33c7a~mv2.jpg,Teas;Wholesale Orders,TVSHM115G,,0.0,,true,PERCENT,0.0,InStock,,,,,,,,,,,,,,,,,,,,,,,,,,,,,,,,,,,,,,,
TVSHMG,Product,Green Tea Hospitalité De Mogador Sultan 115g,115g X 24,acbaa7_92014bfa19fd470bb278fb11ef8f88cb~mv2.jpg,Teas;Wholesale Orders,TVSHMG,,0.0,,true,PERCENT,0.0,InStock,,,,,,,,,,,,,,,,,,,,,,,,,,,,,,,,,,,,,,,
TVSHTO115G,Product,Green Tea Hospitalité De Tiznit Sultan 115g,115g X 24,acbaa7_7419e829d407404e8c30533bc13384ca~mv2.jpg,Teas;Wholesale Orders,TVSHTO115G,,0.0,,true,PERCENT,0.0,InStock,,,,,,,,,,,,,,,,,,,,,,,,,,,,,,,,,,,,,,,
TVSHZ115G,Product,Green Tea Hospitalité De Zagora Sultan 115g,115g X 24,acbaa7_babe96be418b49b08e7e5d1322314f40~mv2.jpg,Teas;Wholesale Orders,TVSHZ115G,,0.0,,true,PERCENT,0.0,InStock,,,,,,,,,,,,,,,,,,,,,,,,,,,,,,,,,,,,,,,
TVSJ100G,Product,Green Tea Sultan Al Jawhar 100g,100g X 120,68c626_755cd3d9b0b9448c9aad3726ff17d892~mv2.jpg,Teas;Wholesale Orders,TVSJ100G,,0.0,,true,PERCENT,0.0,InStock,,,,,,,,,,,,,,,,,,,,,,,,,,,,,,,,,,,,,,,
TVSJ200,Product,Green Tea Sultan Al Jawhar 200g,200g X 60,acbaa7_9f3fb082bc294b1fa7c6131671caf1a4~mv2.jpg,Teas;Wholesale Orders,TVSJ200,,0.0,,true,PERCENT,0.0,InStock,,,,,,,,,,,,,,,,,,,,,,,,,,,,,,,,,,,,,,,
TVSJ500G,Product,Green Tea Sultan Al Jawhar 500g,500g X 24,68c626_afa63f94d38a481aa5926fd56b51df38~mv2.jpg,Teas;Wholesale Orders,TVSJ500G,,0.0,,true,PERCENT,0.0,InStock,,,,,,,,,,,,,,,,,,,,,,,,,,,,,,,,,,,,,,,
TVSR200,Product,Green Tea Sultan Rafiaa 200g,200g X 60,acbaa7_4f4231d866824c4d905ebfcbe1c25a1f~mv2.jpg,Teas;Wholesale Orders,TVSR200,,0.0,,true,PERCENT,0.0,InStock,,,,,,,,,,,,,,,,,,,,,,,,,,,,,,,,,,,,,,,
TVSS200G,Product,Green Tea Sultan Sandouk 200g,200g X 60,acbaa7_e5a9eac65a4843bf80c6237fd8f109a3~mv2.jpg,Teas;Wholesale Orders,TVSS200G,,0.0,,true,PERCENT,0.0,InStock,,,,,,,,,,,,,,,,,,,,,,,,,,,,,,,,,,,,,,,
VD500,Product,Pasta Vermicelli Dari 500g,500g X 12,acbaa7_d937357321d74c58b7e8ba0bf0ce93ca~mv2.jpg,Couscous & Pasta;Wholesale Orders,VD500,,0.0,,true,PERCENT,0.0,InStock,,,,,,,,,,,,,,,,,,,,,,,,,,,,,,,,,,,,,,,
VNAT_20cl,Product,Vinegar National 20cl,20cl X 24,,Sauces & Harissa & Vinegar;Wholesale Orders,VNAT_20cl,,0.0,,true,PERCENT,0.0,InStock,,,,,,,,,,,,,,,,,,,,,,,,,,,,,,,,,,,,,,,
VNAT_50cl,Product,Vinegar National 50cl,50cl X 24,acbaa7_48f599b2934144febd360bc063df238d~mv2.jpg,Sauces Spice & Herbs;Wholesale Orders,VNAT_50cl,,0.0,,true,PERCENT,0.0,InStock,,,,,,,,,,,,,,,,,,,,,,,,,,,,,,,,,,,,,,,
VSS50G,Product,Dried Verbena Leaves Sultan 50g,50g X 30,acbaa7_7ed7413fe0a4422b93f057d02b6066cc~mv2.jpg,Sauces Spice & Herbs;Wholesale Orders,VSS50G,,0.0,,true,PERCENT,0.0,InStock,,,,,,,,,,,,,,,,,,,,,,,,,,,,,,,,,,,,,,,
VT,Product,Tea Glasses - Large,6 X 1,,Others;Wholesale Orders,VT,,0.0,,true,PERCENT,0.0,InStock,,,,,,,,,,,,,,,,,,,,,,,,,,,,,,,,,,,,,,,
VT50Gx24,Product,Dried Verbena Leaves Rasila 50gx24,50g X 24,,Sauces Spice & Herbs;Wholesale Orders,VT50Gx24,,0.0,,true,PERCENT,0.0,InStock,,,,,,,,,,,,,,,,,,,,,,,,,,,,,,,,,,,,,,,
VTA,Product,Tea Glasses - Small,6 X 1,acbaa7_87cd9b95aa5948abb4f2c40f6007e106~mv2.jpg,Others;Wholesale Orders,VTA,,0.0,,true,PERCENT,0.0,InStock,,,,,,,,,,,,,,,,,,,,,,,,,,,,,,,,,,,,,,,
product_2936d8e1-12ed-acba-c200-aa8d3a53ede2,Product,Authentic Zamzam 5L from Saudi Arabia,,68c626_eae3fc882ce741f29e559670ee4285b7~mv2.webp,Wholesale Orders;Best Sellers,,DHL EXPRESS,124.95,,true,PERCENT,24.0,3,,,,,,,,,,,,,,,,,,,,,,,,,,,,,,,,,,,,,,,
product_9b726bf8-c8a3-efd3-e834-48b9a26f1edf,Product,Ouazzania Olive Oil,,68c626_13a84101438a4f479c394583e17a4a2d~mv2.jpg;acbaa7_8eb27fad8e514e23a93188a0c5ac4710~mv2.jpg,Best Sellers;Wholesale Orders,,,49.95,,true,PERCENT,0.0,InStock,,,Type,COLOR,#FFFFFF:Virgin 2L;#00CA23:Extra Virgin 2L;#040404:Virgin 5L,,,,,,,,,,,,,,,,,,,,,,,,,,,,,,,,,,
product_9b726bf8-c8a3-efd3-e834-48b9a26f1edf,Variant,,,,,,,,,true,,,InStock,,,,,#FFFFFF:Virgin 2L,,,,,,,,,,,,,,,,,,,,,,,,,,,,,,,,,,
product_9b726bf8-c8a3-efd3-e834-48b9a26f1edf,Variant,,,,,,,,75.0,true,,,InStock,,,,,#040404:Virgin 5L,,,,,,,,,,,,,,,,,,,,,,,,,,,,,,,,,,
product_9b726bf8-c8a3-efd3-e834-48b9a26f1edf,Variant,,,,,,,,7.0,true,,,InStock,,,,,#00CA23:Extra Virgin 2L,,,,,,,,,,,,,,,,,,,,,,,,,,,,,,,,,,
product_d415bdd2-69c2-5f08-f655-b568d70ec6f3,Product,Egyptian Schweppes,,68c626_d83f1e3ea9884012a16826d5ef486d0c~mv2.png;68c626_a5fe521b04ff4f00bbe4ed36cdec521b~mv2.jpg;68c626_7a428c43db9743dc8e6f31e3bbed05b2~mv2.jpg;68c626_5818dd86da4f4e6aa0bc0805d62aff0a~mv2.jpg;68c626_0bebee010cae4bd7bccfaa52dbbd2670~mv2.jpg;68c626_73a2c62162624dcb83fb859765dda1ae~mv2.jpg,Best Sellers;Wholesale Orders;ECOM,,Best Seller,49.95,,true,PERCENT,0.0,InStock,,,Flavor,DROP_DOWN,Pomegrante;Lemon Mint;Pineapple;Tangerine;Peach,,,,,,,,,,,,,,,,,,,,,,,,,,,,,,,,,,
